model,fold,train_start,train_end,validation_start,validation_end,MAE,RMSE,R2,feature_set,target_strategy,feature_columns,train_rows,validation_rows,training_and_prediction_seconds,training_seconds,prediction_seconds,best_iteration,tree_count,iterations_executed,nonpositive_predictions,parameters,feature_group,weight_representation,experiment_phase,result_reused_from
catboost_ablation_A_clean_direct,fold_1,2025-01-01,2025-04-30,2025-05-01,2025-06-30,153.68972725856733,650.6844424821479,0.8230993491621931,ablation_A_clean,direct,"[""distance"", ""equipment"", ""weight_clean"", ""weight_missing"", ""weight_negative"", ""month"", ""day"", ""day_of_week"", ""day_of_year"", ""iso_week"", ""weekend"", ""days_since_reference_date"", ""sin_day_of_week"", ""cos_day_of_week"", ""sin_day_of_year"", ""cos_day_of_year""]",19110,9696,3.6705266919998394,3.6666773939996347,0.003849298000204726,508,509,609,0,"{""allow_writing_files"": false, ""cat_features"": [""equipment""], ""depth"": 6, ""early_stopping_rounds"": 100, ""eval_metric"": ""MAE"", ""iterations"": 1500, ""l2_leaf_reg"": 5, ""learning_rate"": 0.05, ""loss_function"": ""MAE"", ""nan_mode"": ""Min"", ""random_seed"": 42, ""thread_count"": 4, ""use_best_model"": true, ""verbose"": false}",A,clean,feature_ablation,
catboost_ablation_A_clean_direct,fold_2,2025-01-01,2025-06-30,2025-07-01,2025-08-31,164.0268449477248,630.0382694891988,0.8213497494086303,ablation_A_clean,direct,"[""distance"", ""equipment"", ""weight_clean"", ""weight_missing"", ""weight_negative"", ""month"", ""day"", ""day_of_week"", ""day_of_year"", ""iso_week"", ""weekend"", ""days_since_reference_date"", ""sin_day_of_week"", ""cos_day_of_week"", ""sin_day_of_year"", ""cos_day_of_year""]",28806,9671,1.8018458990009094,1.7987639060002039,0.003081993000705552,89,90,190,0,"{""allow_writing_files"": false, ""cat_features"": [""equipment""], ""depth"": 6, ""early_stopping_rounds"": 100, ""eval_metric"": ""MAE"", ""iterations"": 1500, ""l2_leaf_reg"": 5, ""learning_rate"": 0.05, ""loss_function"": ""MAE"", ""nan_mode"": ""Min"", ""random_seed"": 42, ""thread_count"": 4, ""use_best_model"": true, ""verbose"": false}",A,clean,feature_ablation,
catboost_ablation_A_clean_direct,fold_3,2025-01-01,2025-08-31,2025-09-01,2025-10-31,125.78080781609356,638.512540249539,0.8249347349097955,ablation_A_clean,direct,"[""distance"", ""equipment"", ""weight_clean"", ""weight_missing"", ""weight_negative"", ""month"", ""day"", ""day_of_week"", ""day_of_year"", ""iso_week"", ""weekend"", ""days_since_reference_date"", ""sin_day_of_week"", ""cos_day_of_week"", ""sin_day_of_year"", ""cos_day_of_year""]",38477,9523,4.6838741510000546,4.680411586000446,0.0034625649996087304,288,289,389,0,"{""allow_writing_files"": false, ""cat_features"": [""equipment""], ""depth"": 6, ""early_stopping_rounds"": 100, ""eval_metric"": ""MAE"", ""iterations"": 1500, ""l2_leaf_reg"": 5, ""learning_rate"": 0.05, ""loss_function"": ""MAE"", ""nan_mode"": ""Min"", ""random_seed"": 42, ""thread_count"": 4, ""use_best_model"": true, ""verbose"": false}",A,clean,feature_ablation,
catboost_ablation_B_clean_direct,fold_1,2025-01-01,2025-04-30,2025-05-01,2025-06-30,149.93294303750838,649.0848910648294,0.8239680156667193,ablation_B_clean,direct,"[""distance"", ""equipment"", ""weight_clean"", ""weight_missing"", ""weight_negative"", ""pickup"", ""delivery"", ""month"", ""day"", ""day_of_week"", ""day_of_year"", ""iso_week"", ""weekend"", ""days_since_reference_date"", ""sin_day_of_week"", ""cos_day_of_week"", ""sin_day_of_year"", ""cos_day_of_year""]",19110,9696,8.482863879999968,8.446904851,0.03595902899996872,905,906,1006,0,"{""allow_writing_files"": false, ""cat_features"": [""equipment"", ""pickup"", ""delivery""], ""depth"": 6, ""early_stopping_rounds"": 100, ""eval_metric"": ""MAE"", ""iterations"": 1500, ""l2_leaf_reg"": 5, ""learning_rate"": 0.05, ""loss_function"": ""MAE"", ""nan_mode"": ""Min"", ""random_seed"": 42, ""thread_count"": 4, ""use_best_model"": true, ""verbose"": false}",B,clean,feature_ablation,
catboost_ablation_B_clean_direct,fold_2,2025-01-01,2025-06-30,2025-07-01,2025-08-31,164.98065059489286,629.0270073615042,0.8219227852147287,ablation_B_clean,direct,"[""distance"", ""equipment"", ""weight_clean"", ""weight_missing"", ""weight_negative"", ""pickup"", ""delivery"", ""month"", ""day"", ""day_of_week"", ""day_of_year"", ""iso_week"", ""weekend"", ""days_since_reference_date"", ""sin_day_of_week"", ""cos_day_of_week"", ""sin_day_of_year"", ""cos_day_of_year""]",28806,9671,2.553171479999037,2.5479642459995375,0.0052072339994992944,101,102,202,0,"{""allow_writing_files"": false, ""cat_features"": [""equipment"", ""pickup"", ""delivery""], ""depth"": 6, ""early_stopping_rounds"": 100, ""eval_metric"": ""MAE"", ""iterations"": 1500, ""l2_leaf_reg"": 5, ""learning_rate"": 0.05, ""loss_function"": ""MAE"", ""nan_mode"": ""Min"", ""random_seed"": 42, ""thread_count"": 4, ""use_best_model"": true, ""verbose"": false}",B,clean,feature_ablation,
catboost_ablation_B_clean_direct,fold_3,2025-01-01,2025-08-31,2025-09-01,2025-10-31,117.15117416418775,637.5292103534495,0.8254735320114723,ablation_B_clean,direct,"[""distance"", ""equipment"", ""weight_clean"", ""weight_missing"", ""weight_negative"", ""pickup"", ""delivery"", ""month"", ""day"", ""day_of_week"", ""day_of_year"", ""iso_week"", ""weekend"", ""days_since_reference_date"", ""sin_day_of_week"", ""cos_day_of_week"", ""sin_day_of_year"", ""cos_day_of_year""]",38477,9523,23.987568411999746,23.94591087899971,0.041657533000034164,1496,1497,1500,0,"{""allow_writing_files"": false, ""cat_features"": [""equipment"", ""pickup"", ""delivery""], ""depth"": 6, ""early_stopping_rounds"": 100, ""eval_metric"": ""MAE"", ""iterations"": 1500, ""l2_leaf_reg"": 5, ""learning_rate"": 0.05, ""loss_function"": ""MAE"", ""nan_mode"": ""Min"", ""random_seed"": 42, ""thread_count"": 4, ""use_best_model"": true, ""verbose"": false}",B,clean,feature_ablation,
catboost_ablation_C_clean_direct,fold_1,2025-01-01,2025-04-30,2025-05-01,2025-06-30,141.37432571152144,644.9689129136939,0.8261934458753158,ablation_C_clean,direct,"[""distance"", ""equipment"", ""weight_clean"", ""weight_missing"", ""weight_negative"", ""pickup"", ""delivery"", ""pickup_lat"", ""pickup_lon"", ""delivery_lat"", ""delivery_lon"", ""month"", ""day"", ""day_of_week"", ""day_of_year"", ""iso_week"", ""weekend"", ""days_since_reference_date"", ""sin_day_of_week"", ""cos_day_of_week"", ""sin_day_of_year"", ""cos_day_of_year""]",19110,9696,5.875848278999911,5.86755008199998,0.008298196999930951,540,541,641,0,"{""allow_writing_files"": false, ""cat_features"": [""equipment"", ""pickup"", ""delivery""], ""depth"": 6, ""early_stopping_rounds"": 100, ""eval_metric"": ""MAE"", ""iterations"": 1500, ""l2_leaf_reg"": 5, ""learning_rate"": 0.05, ""loss_function"": ""MAE"", ""nan_mode"": ""Min"", ""random_seed"": 42, ""thread_count"": 4, ""use_best_model"": true, ""verbose"": false}",C,clean,feature_ablation,
catboost_ablation_C_clean_direct,fold_2,2025-01-01,2025-06-30,2025-07-01,2025-08-31,155.6291690769239,629.9496100273999,0.8214000254677021,ablation_C_clean,direct,"[""distance"", ""equipment"", ""weight_clean"", ""weight_missing"", ""weight_negative"", ""pickup"", ""delivery"", ""pickup_lat"", ""pickup_lon"", ""delivery_lat"", ""delivery_lon"", ""month"", ""day"", ""day_of_week"", ""day_of_year"", ""iso_week"", ""weekend"", ""days_since_reference_date"", ""sin_day_of_week"", ""cos_day_of_week"", ""sin_day_of_year"", ""cos_day_of_year""]",28806,9671,2.4195175349996134,2.41437410799972,0.005143426999893563,83,84,184,0,"{""allow_writing_files"": false, ""cat_features"": [""equipment"", ""pickup"", ""delivery""], ""depth"": 6, ""early_stopping_rounds"": 100, ""eval_metric"": ""MAE"", ""iterations"": 1500, ""l2_leaf_reg"": 5, ""learning_rate"": 0.05, ""loss_function"": ""MAE"", ""nan_mode"": ""Min"", ""random_seed"": 42, ""thread_count"": 4, ""use_best_model"": true, ""verbose"": false}",C,clean,feature_ablation,
catboost_ablation_C_clean_direct,fold_3,2025-01-01,2025-08-31,2025-09-01,2025-10-31,113.29608026695786,635.2869178230682,0.8266990482308275,ablation_C_clean,direct,"[""distance"", ""equipment"", ""weight_clean"", ""weight_missing"", ""weight_negative"", ""pickup"", ""delivery"", ""pickup_lat"", ""pickup_lon"", ""delivery_lat"", ""delivery_lon"", ""month"", ""day"", ""day_of_week"", ""day_of_year"", ""iso_week"", ""weekend"", ""days_since_reference_date"", ""sin_day_of_week"", ""cos_day_of_week"", ""sin_day_of_year"", ""cos_day_of_year""]",38477,9523,15.440383344999645,15.430764456999896,0.009618887999749859,759,760,860,0,"{""allow_writing_files"": false, ""cat_features"": [""equipment"", ""pickup"", ""delivery""], ""depth"": 6, ""early_stopping_rounds"": 100, ""eval_metric"": ""MAE"", ""iterations"": 1500, ""l2_leaf_reg"": 5, ""learning_rate"": 0.05, ""loss_function"": ""MAE"", ""nan_mode"": ""Min"", ""random_seed"": 42, ""thread_count"": 4, ""use_best_model"": true, ""verbose"": false}",C,clean,feature_ablation,
catboost_ablation_D_clean_direct,fold_1,2025-01-01,2025-04-30,2025-05-01,2025-06-30,152.55367429962777,649.6742864773325,0.8236481821559942,ablation_D_clean,direct,"[""distance"", ""equipment"", ""weight_clean"", ""weight_missing"", ""weight_negative"", ""pickup"", ""delivery"", ""pickup_lat"", ""pickup_lon"", ""delivery_lat"", ""delivery_lon"", ""route"", ""month"", ""day"", ""day_of_week"", ""day_of_year"", ""iso_week"", ""weekend"", ""days_since_reference_date"", ""sin_day_of_week"", ""cos_day_of_week"", ""sin_day_of_year"", ""cos_day_of_year""]",19110,9696,12.03986943200016,12.020748824000293,0.01912060799986648,896,897,997,0,"{""allow_writing_files"": false, ""cat_features"": [""equipment"", ""pickup"", ""delivery"", ""route""], ""depth"": 6, ""early_stopping_rounds"": 100, ""eval_metric"": ""MAE"", ""iterations"": 1500, ""l2_leaf_reg"": 5, ""learning_rate"": 0.05, ""loss_function"": ""MAE"", ""nan_mode"": ""Min"", ""random_seed"": 42, ""thread_count"": 4, ""use_best_model"": true, ""verbose"": false}",D,clean,feature_ablation,
catboost_ablation_D_clean_direct,fold_2,2025-01-01,2025-06-30,2025-07-01,2025-08-31,152.40128323770992,626.9994217618532,0.8230689518069618,ablation_D_clean,direct,"[""distance"", ""equipment"", ""weight_clean"", ""weight_missing"", ""weight_negative"", ""pickup"", ""delivery"", ""pickup_lat"", ""pickup_lon"", ""delivery_lat"", ""delivery_lon"", ""route"", ""month"", ""day"", ""day_of_week"", ""day_of_year"", ""iso_week"", ""weekend"", ""days_since_reference_date"", ""sin_day_of_week"", ""cos_day_of_week"", ""sin_day_of_year"", ""cos_day_of_year""]",28806,9671,3.304525171000023,3.294238127000426,0.01028704399959679,93,94,194,0,"{""allow_writing_files"": false, ""cat_features"": [""equipment"", ""pickup"", ""delivery"", ""route""], ""depth"": 6, ""early_stopping_rounds"": 100, ""eval_metric"": ""MAE"", ""iterations"": 1500, ""l2_leaf_reg"": 5, ""learning_rate"": 0.05, ""loss_function"": ""MAE"", ""nan_mode"": ""Min"", ""random_seed"": 42, ""thread_count"": 4, ""use_best_model"": true, ""verbose"": false}",D,clean,feature_ablation,
catboost_ablation_D_clean_direct,fold_3,2025-01-01,2025-08-31,2025-09-01,2025-10-31,110.47187475374803,634.6898815367465,0.8270246281700762,ablation_D_clean,direct,"[""distance"", ""equipment"", ""weight_clean"", ""weight_missing"", ""weight_negative"", ""pickup"", ""delivery"", ""pickup_lat"", ""pickup_lon"", ""delivery_lat"", ""delivery_lon"", ""route"", ""month"", ""day"", ""day_of_week"", ""day_of_year"", ""iso_week"", ""weekend"", ""days_since_reference_date"", ""sin_day_of_week"", ""cos_day_of_week"", ""sin_day_of_year"", ""cos_day_of_year""]",38477,9523,20.76188548800019,20.745576493000044,0.016308995000144932,925,926,1026,0,"{""allow_writing_files"": false, ""cat_features"": [""equipment"", ""pickup"", ""delivery"", ""route""], ""depth"": 6, ""early_stopping_rounds"": 100, ""eval_metric"": ""MAE"", ""iterations"": 1500, ""l2_leaf_reg"": 5, ""learning_rate"": 0.05, ""loss_function"": ""MAE"", ""nan_mode"": ""Min"", ""random_seed"": 42, ""thread_count"": 4, ""use_best_model"": true, ""verbose"": false}",D,clean,feature_ablation,
catboost_ablation_E_clean_direct,fold_1,2025-01-01,2025-04-30,2025-05-01,2025-06-30,129.60350022088275,640.2131705544846,0.8287471558088432,ablation_E_clean,direct,"[""distance"", ""equipment"", ""weight_clean"", ""weight_missing"", ""weight_negative"", ""pickup"", ""delivery"", ""pickup_lat"", ""pickup_lon"", ""delivery_lat"", ""delivery_lon"", ""route"", ""month"", ""day"", ""day_of_week"", ""day_of_year"", ""iso_week"", ""weekend"", ""days_since_reference_date"", ""sin_day_of_week"", ""cos_day_of_week"", ""sin_day_of_year"", ""cos_day_of_year"", ""market_index"", ""market_index_missing""]",19110,9696,12.150487980000435,12.105774632000248,0.04471334800018667,950,951,1051,0,"{""allow_writing_files"": false, ""cat_features"": [""equipment"", ""pickup"", ""delivery"", ""route""], ""depth"": 6, ""early_stopping_rounds"": 100, ""eval_metric"": ""MAE"", ""iterations"": 1500, ""l2_leaf_reg"": 5, ""learning_rate"": 0.05, ""loss_function"": ""MAE"", ""nan_mode"": ""Min"", ""random_seed"": 42, ""thread_count"": 4, ""use_best_model"": true, ""verbose"": false}",E,clean,feature_ablation,
catboost_ablation_E_clean_direct,fold_2,2025-01-01,2025-06-30,2025-07-01,2025-08-31,145.14913549998013,624.8425934901844,0.8242841157123421,ablation_E_clean,direct,"[""distance"", ""equipment"", ""weight_clean"", ""weight_missing"", ""weight_negative"", ""pickup"", ""delivery"", ""pickup_lat"", ""pickup_lon"", ""delivery_lat"", ""delivery_lon"", ""route"", ""month"", ""day"", ""day_of_week"", ""day_of_year"", ""iso_week"", ""weekend"", ""days_since_reference_date"", ""sin_day_of_week"", ""cos_day_of_week"", ""sin_day_of_year"", ""cos_day_of_year"", ""market_index"", ""market_index_missing""]",28806,9671,3.4558399780007676,3.4475932960003774,0.008246682000390138,104,105,205,0,"{""allow_writing_files"": false, ""cat_features"": [""equipment"", ""pickup"", ""delivery"", ""route""], ""depth"": 6, ""early_stopping_rounds"": 100, ""eval_metric"": ""MAE"", ""iterations"": 1500, ""l2_leaf_reg"": 5, ""learning_rate"": 0.05, ""loss_function"": ""MAE"", ""nan_mode"": ""Min"", ""random_seed"": 42, ""thread_count"": 4, ""use_best_model"": true, ""verbose"": false}",E,clean,feature_ablation,
catboost_ablation_E_clean_direct,fold_3,2025-01-01,2025-08-31,2025-09-01,2025-10-31,116.65574570611177,636.6830081120578,0.825936527820693,ablation_E_clean,direct,"[""distance"", ""equipment"", ""weight_clean"", ""weight_missing"", ""weight_negative"", ""pickup"", ""delivery"", ""pickup_lat"", ""pickup_lon"", ""delivery_lat"", ""delivery_lon"", ""route"", ""month"", ""day"", ""day_of_week"", ""day_of_year"", ""iso_week"", ""weekend"", ""days_since_reference_date"", ""sin_day_of_week"", ""cos_day_of_week"", ""sin_day_of_year"", ""cos_day_of_year"", ""market_index"", ""market_index_missing""]",38477,9523,16.795950898999763,16.782284494999658,0.013666404000105103,709,710,810,0,"{""allow_writing_files"": false, ""cat_features"": [""equipment"", ""pickup"", ""delivery"", ""route""], ""depth"": 6, ""early_stopping_rounds"": 100, ""eval_metric"": ""MAE"", ""iterations"": 1500, ""l2_leaf_reg"": 5, ""learning_rate"": 0.05, ""loss_function"": ""MAE"", ""nan_mode"": ""Min"", ""random_seed"": 42, ""thread_count"": 4, ""use_best_model"": true, ""verbose"": false}",E,clean,feature_ablation,
catboost_ablation_F_clean_direct,fold_1,2025-01-01,2025-04-30,2025-05-01,2025-06-30,140.61262324685208,642.631101962133,0.8274511513353714,ablation_F_clean,direct,"[""distance"", ""equipment"", ""weight_clean"", ""weight_missing"", ""weight_negative"", ""pickup"", ""delivery"", ""pickup_lat"", ""pickup_lon"", ""delivery_lat"", ""delivery_lon"", ""route"", ""month"", ""day"", ""day_of_week"", ""day_of_year"", ""iso_week"", ""weekend"", ""days_since_reference_date"", ""sin_day_of_week"", ""cos_day_of_week"", ""sin_day_of_year"", ""cos_day_of_year"", ""market_index"", ""market_index_missing"", ""quote_signal""]",19110,9696,4.872541429999728,4.86296543699973,0.009575992999998562,283,284,384,0,"{""allow_writing_files"": false, ""cat_features"": [""equipment"", ""pickup"", ""delivery"", ""route""], ""depth"": 6, ""early_stopping_rounds"": 100, ""eval_metric"": ""MAE"", ""iterations"": 1500, ""l2_leaf_reg"": 5, ""learning_rate"": 0.05, ""loss_function"": ""MAE"", ""nan_mode"": ""Min"", ""random_seed"": 42, ""thread_count"": 4, ""use_best_model"": true, ""verbose"": false}",F,clean,feature_ablation,catboost_d6_lr005_l2_5
catboost_ablation_F_clean_direct,fold_2,2025-01-01,2025-06-30,2025-07-01,2025-08-31,133.19710501154643,623.5247748586729,0.8250245181178626,ablation_F_clean,direct,"[""distance"", ""equipment"", ""weight_clean"", ""weight_missing"", ""weight_negative"", ""pickup"", ""delivery"", ""pickup_lat"", ""pickup_lon"", ""delivery_lat"", ""delivery_lon"", ""route"", ""month"", ""day"", ""day_of_week"", ""day_of_year"", ""iso_week"", ""weekend"", ""days_since_reference_date"", ""sin_day_of_week"", ""cos_day_of_week"", ""sin_day_of_year"", ""cos_day_of_year"", ""market_index"", ""market_index_missing"", ""quote_signal""]",28806,9671,4.452735972000482,4.443281281000054,0.009454691000428284,161,162,262,0,"{""allow_writing_files"": false, ""cat_features"": [""equipment"", ""pickup"", ""delivery"", ""route""], ""depth"": 6, ""early_stopping_rounds"": 100, ""eval_metric"": ""MAE"", ""iterations"": 1500, ""l2_leaf_reg"": 5, ""learning_rate"": 0.05, ""loss_function"": ""MAE"", ""nan_mode"": ""Min"", ""random_seed"": 42, ""thread_count"": 4, ""use_best_model"": true, ""verbose"": false}",F,clean,feature_ablation,catboost_d6_lr005_l2_5
catboost_ablation_F_clean_direct,fold_3,2025-01-01,2025-08-31,2025-09-01,2025-10-31,115.17521094050014,635.7867052383148,0.8264262653282447,ablation_F_clean,direct,"[""distance"", ""equipment"", ""weight_clean"", ""weight_missing"", ""weight_negative"", ""pickup"", ""delivery"", ""pickup_lat"", ""pickup_lon"", ""delivery_lat"", ""delivery_lon"", ""route"", ""month"", ""day"", ""day_of_week"", ""day_of_year"", ""iso_week"", ""weekend"", ""days_since_reference_date"", ""sin_day_of_week"", ""cos_day_of_week"", ""sin_day_of_year"", ""cos_day_of_year"", ""market_index"", ""market_index_missing"", ""quote_signal""]",38477,9523,7.929308374000357,7.92055377700035,0.00875459700000647,291,292,392,0,"{""allow_writing_files"": false, ""cat_features"": [""equipment"", ""pickup"", ""delivery"", ""route""], ""depth"": 6, ""early_stopping_rounds"": 100, ""eval_metric"": ""MAE"", ""iterations"": 1500, ""l2_leaf_reg"": 5, ""learning_rate"": 0.05, ""loss_function"": ""MAE"", ""nan_mode"": ""Min"", ""random_seed"": 42, ""thread_count"": 4, ""use_best_model"": true, ""verbose"": false}",F,clean,feature_ablation,catboost_d6_lr005_l2_5
catboost_ablation_C_raw_direct,fold_1,2025-01-01,2025-04-30,2025-05-01,2025-06-30,140.65096781067103,643.6860382070842,0.8268841777122525,ablation_C_raw,direct,"[""distance"", ""equipment"", ""weight_raw"", ""pickup"", ""delivery"", ""pickup_lat"", ""pickup_lon"", ""delivery_lat"", ""delivery_lon"", ""month"", ""day"", ""day_of_week"", ""day_of_year"", ""iso_week"", ""weekend"", ""days_since_reference_date"", ""sin_day_of_week"", ""cos_day_of_week"", ""sin_day_of_year"", ""cos_day_of_year""]",19110,9696,11.081321259000106,11.065698629000508,0.015622629999597848,1160,1161,1261,0,"{""allow_writing_files"": false, ""cat_features"": [""equipment"", ""pickup"", ""delivery""], ""depth"": 6, ""early_stopping_rounds"": 100, ""eval_metric"": ""MAE"", ""iterations"": 1500, ""l2_leaf_reg"": 5, ""learning_rate"": 0.05, ""loss_function"": ""MAE"", ""nan_mode"": ""Min"", ""random_seed"": 42, ""thread_count"": 4, ""use_best_model"": true, ""verbose"": false}",C,raw,weight_representation,
catboost_ablation_C_raw_direct,fold_2,2025-01-01,2025-06-30,2025-07-01,2025-08-31,153.71837601920117,627.6533884652707,0.8226996776032198,ablation_C_raw,direct,"[""distance"", ""equipment"", ""weight_raw"", ""pickup"", ""delivery"", ""pickup_lat"", ""pickup_lon"", ""delivery_lat"", ""delivery_lon"", ""month"", ""day"", ""day_of_week"", ""day_of_year"", ""iso_week"", ""weekend"", ""days_since_reference_date"", ""sin_day_of_week"", ""cos_day_of_week"", ""sin_day_of_year"", ""cos_day_of_year""]",28806,9671,2.6355434450006214,2.630939292000221,0.004604153000400402,94,95,195,0,"{""allow_writing_files"": false, ""cat_features"": [""equipment"", ""pickup"", ""delivery""], ""depth"": 6, ""early_stopping_rounds"": 100, ""eval_metric"": ""MAE"", ""iterations"": 1500, ""l2_leaf_reg"": 5, ""learning_rate"": 0.05, ""loss_function"": ""MAE"", ""nan_mode"": ""Min"", ""random_seed"": 42, ""thread_count"": 4, ""use_best_model"": true, ""verbose"": false}",C,raw,weight_representation,
catboost_ablation_C_raw_direct,fold_3,2025-01-01,2025-08-31,2025-09-01,2025-10-31,116.96066477218562,636.9259130117804,0.8258036864062518,ablation_C_raw,direct,"[""distance"", ""equipment"", ""weight_raw"", ""pickup"", ""delivery"", ""pickup_lat"", ""pickup_lon"", ""delivery_lat"", ""delivery_lon"", ""month"", ""day"", ""day_of_week"", ""day_of_year"", ""iso_week"", ""weekend"", ""days_since_reference_date"", ""sin_day_of_week"", ""cos_day_of_week"", ""sin_day_of_year"", ""cos_day_of_year""]",38477,9523,8.681941424000797,8.674789012000474,0.007152412000323238,412,413,513,0,"{""allow_writing_files"": false, ""cat_features"": [""equipment"", ""pickup"", ""delivery""], ""depth"": 6, ""early_stopping_rounds"": 100, ""eval_metric"": ""MAE"", ""iterations"": 1500, ""l2_leaf_reg"": 5, ""learning_rate"": 0.05, ""loss_function"": ""MAE"", ""nan_mode"": ""Min"", ""random_seed"": 42, ""thread_count"": 4, ""use_best_model"": true, ""verbose"": false}",C,raw,weight_representation,
catboost_ablation_F_raw_direct,fold_1,2025-01-01,2025-04-30,2025-05-01,2025-06-30,140.65415996741712,643.2991459281251,0.8270922202748371,ablation_F_raw,direct,"[""distance"", ""equipment"", ""weight_raw"", ""pickup"", ""delivery"", ""pickup_lat"", ""pickup_lon"", ""delivery_lat"", ""delivery_lon"", ""route"", ""month"", ""day"", ""day_of_week"", ""day_of_year"", ""iso_week"", ""weekend"", ""days_since_reference_date"", ""sin_day_of_week"", ""cos_day_of_week"", ""sin_day_of_year"", ""cos_day_of_year"", ""market_index"", ""market_index_missing"", ""quote_signal""]",19110,9696,3.728284024000459,3.7192749760006336,0.00900904799982527,204,205,305,0,"{""allow_writing_files"": false, ""cat_features"": [""equipment"", ""pickup"", ""delivery"", ""route""], ""depth"": 6, ""early_stopping_rounds"": 100, ""eval_metric"": ""MAE"", ""iterations"": 1500, ""l2_leaf_reg"": 5, ""learning_rate"": 0.05, ""loss_function"": ""MAE"", ""nan_mode"": ""Min"", ""random_seed"": 42, ""thread_count"": 4, ""use_best_model"": true, ""verbose"": false}",F,raw,weight_representation,
catboost_ablation_F_raw_direct,fold_2,2025-01-01,2025-06-30,2025-07-01,2025-08-31,125.94736280703067,623.3492589406401,0.8251230119104381,ablation_F_raw,direct,"[""distance"", ""equipment"", ""weight_raw"", ""pickup"", ""delivery"", ""pickup_lat"", ""pickup_lon"", ""delivery_lat"", ""delivery_lon"", ""route"", ""month"", ""day"", ""day_of_week"", ""day_of_year"", ""iso_week"", ""weekend"", ""days_since_reference_date"", ""sin_day_of_week"", ""cos_day_of_week"", ""sin_day_of_year"", ""cos_day_of_year"", ""market_index"", ""market_index_missing"", ""quote_signal""]",28806,9671,3.9106279239995274,3.902262786999927,0.008365136999600509,129,130,230,0,"{""allow_writing_files"": false, ""cat_features"": [""equipment"", ""pickup"", ""delivery"", ""route""], ""depth"": 6, ""early_stopping_rounds"": 100, ""eval_metric"": ""MAE"", ""iterations"": 1500, ""l2_leaf_reg"": 5, ""learning_rate"": 0.05, ""loss_function"": ""MAE"", ""nan_mode"": ""Min"", ""random_seed"": 42, ""thread_count"": 4, ""use_best_model"": true, ""verbose"": false}",F,raw,weight_representation,
catboost_ablation_F_raw_direct,fold_3,2025-01-01,2025-08-31,2025-09-01,2025-10-31,123.85278543504938,639.3656881448693,0.8244665958072811,ablation_F_raw,direct,"[""distance"", ""equipment"", ""weight_raw"", ""pickup"", ""delivery"", ""pickup_lat"", ""pickup_lon"", ""delivery_lat"", ""delivery_lon"", ""route"", ""month"", ""day"", ""day_of_week"", ""day_of_year"", ""iso_week"", ""weekend"", ""days_since_reference_date"", ""sin_day_of_week"", ""cos_day_of_week"", ""sin_day_of_year"", ""cos_day_of_year"", ""market_index"", ""market_index_missing"", ""quote_signal""]",38477,9523,7.858547990999796,7.849069761999999,0.009478228999796556,260,261,361,0,"{""allow_writing_files"": false, ""cat_features"": [""equipment"", ""pickup"", ""delivery"", ""route""], ""depth"": 6, ""early_stopping_rounds"": 100, ""eval_metric"": ""MAE"", ""iterations"": 1500, ""l2_leaf_reg"": 5, ""learning_rate"": 0.05, ""loss_function"": ""MAE"", ""nan_mode"": ""Min"", ""random_seed"": 42, ""thread_count"": 4, ""use_best_model"": true, ""verbose"": false}",F,raw,weight_representation,
catboost_ablation_C_clean_log1p,fold_1,2025-01-01,2025-04-30,2025-05-01,2025-06-30,146.40517052880602,645.8107077019878,0.825739455216429,ablation_C_clean,log1p,"[""distance"", ""equipment"", ""weight_clean"", ""weight_missing"", ""weight_negative"", ""pickup"", ""delivery"", ""pickup_lat"", ""pickup_lon"", ""delivery_lat"", ""delivery_lon"", ""month"", ""day"", ""day_of_week"", ""day_of_year"", ""iso_week"", ""weekend"", ""days_since_reference_date"", ""sin_day_of_week"", ""cos_day_of_week"", ""sin_day_of_year"", ""cos_day_of_year""]",19110,9696,12.205664340000112,12.197134297000048,0.008530043000064325,611,612,712,0,"{""allow_writing_files"": false, ""cat_features"": [""equipment"", ""pickup"", ""delivery""], ""depth"": 6, ""early_stopping_rounds"": 100, ""eval_metric"": ""DollarMAE"", ""iterations"": 1500, ""l2_leaf_reg"": 5, ""learning_rate"": 0.05, ""loss_function"": ""MAE"", ""nan_mode"": ""Min"", ""random_seed"": 42, ""thread_count"": 4, ""use_best_model"": true, ""verbose"": false}",C,clean,target_strategy,
catboost_ablation_C_clean_log1p,fold_2,2025-01-01,2025-06-30,2025-07-01,2025-08-31,154.68266711339672,628.4031144101755,0.822275857564996,ablation_C_clean,log1p,"[""distance"", ""equipment"", ""weight_clean"", ""weight_missing"", ""weight_negative"", ""pickup"", ""delivery"", ""pickup_lat"", ""pickup_lon"", ""delivery_lat"", ""delivery_lon"", ""month"", ""day"", ""day_of_week"", ""day_of_year"", ""iso_week"", ""weekend"", ""days_since_reference_date"", ""sin_day_of_week"", ""cos_day_of_week"", ""sin_day_of_year"", ""cos_day_of_year""]",28806,9671,4.373019044999637,4.367864994999763,0.005154049999873678,94,95,195,0,"{""allow_writing_files"": false, ""cat_features"": [""equipment"", ""pickup"", ""delivery""], ""depth"": 6, ""early_stopping_rounds"": 100, ""eval_metric"": ""DollarMAE"", ""iterations"": 1500, ""l2_leaf_reg"": 5, ""learning_rate"": 0.05, ""loss_function"": ""MAE"", ""nan_mode"": ""Min"", ""random_seed"": 42, ""thread_count"": 4, ""use_best_model"": true, ""verbose"": false}",C,clean,target_strategy,
catboost_ablation_C_clean_log1p,fold_3,2025-01-01,2025-08-31,2025-09-01,2025-10-31,123.13071566489248,639.2070750581938,0.8245536772446419,ablation_C_clean,log1p,"[""distance"", ""equipment"", ""weight_clean"", ""weight_missing"", ""weight_negative"", ""pickup"", ""delivery"", ""pickup_lat"", ""pickup_lon"", ""delivery_lat"", ""delivery_lon"", ""month"", ""day"", ""day_of_week"", ""day_of_year"", ""iso_week"", ""weekend"", ""days_since_reference_date"", ""sin_day_of_week"", ""cos_day_of_week"", ""sin_day_of_year"", ""cos_day_of_year""]",38477,9523,24.7053895629997,24.69435789199997,0.011031670999727794,746,747,847,0,"{""allow_writing_files"": false, ""cat_features"": [""equipment"", ""pickup"", ""delivery""], ""depth"": 6, ""early_stopping_rounds"": 100, ""eval_metric"": ""DollarMAE"", ""iterations"": 1500, ""l2_leaf_reg"": 5, ""learning_rate"": 0.05, ""loss_function"": ""MAE"", ""nan_mode"": ""Min"", ""random_seed"": 42, ""thread_count"": 4, ""use_best_model"": true, ""verbose"": false}",C,clean,target_strategy,
catboost_ablation_F_clean_log1p,fold_1,2025-01-01,2025-04-30,2025-05-01,2025-06-30,142.5613201049846,644.4916698039591,0.8264505661493284,ablation_F_clean,log1p,"[""distance"", ""equipment"", ""weight_clean"", ""weight_missing"", ""weight_negative"", ""pickup"", ""delivery"", ""pickup_lat"", ""pickup_lon"", ""delivery_lat"", ""delivery_lon"", ""route"", ""month"", ""day"", ""day_of_week"", ""day_of_year"", ""iso_week"", ""weekend"", ""days_since_reference_date"", ""sin_day_of_week"", ""cos_day_of_week"", ""sin_day_of_year"", ""cos_day_of_year"", ""market_index"", ""market_index_missing"", ""quote_signal""]",19110,9696,10.190716649000024,10.181316694000088,0.00939995499993529,398,399,499,0,"{""allow_writing_files"": false, ""cat_features"": [""equipment"", ""pickup"", ""delivery"", ""route""], ""depth"": 6, ""early_stopping_rounds"": 100, ""eval_metric"": ""DollarMAE"", ""iterations"": 1500, ""l2_leaf_reg"": 5, ""learning_rate"": 0.05, ""loss_function"": ""MAE"", ""nan_mode"": ""Min"", ""random_seed"": 42, ""thread_count"": 4, ""use_best_model"": true, ""verbose"": false}",F,clean,target_strategy,
catboost_ablation_F_clean_log1p,fold_2,2025-01-01,2025-06-30,2025-07-01,2025-08-31,125.00277568558607,622.6881412440791,0.8254937606046799,ablation_F_clean,log1p,"[""distance"", ""equipment"", ""weight_clean"", ""weight_missing"", ""weight_negative"", ""pickup"", ""delivery"", ""pickup_lat"", ""pickup_lon"", ""delivery_lat"", ""delivery_lon"", ""route"", ""month"", ""day"", ""day_of_week"", ""day_of_year"", ""iso_week"", ""weekend"", ""days_since_reference_date"", ""sin_day_of_week"", ""cos_day_of_week"", ""sin_day_of_year"", ""cos_day_of_year"", ""market_index"", ""market_index_missing"", ""quote_signal""]",28806,9671,5.665614947999529,5.657822764999764,0.007792182999764918,115,116,216,0,"{""allow_writing_files"": false, ""cat_features"": [""equipment"", ""pickup"", ""delivery"", ""route""], ""depth"": 6, ""early_stopping_rounds"": 100, ""eval_metric"": ""DollarMAE"", ""iterations"": 1500, ""l2_leaf_reg"": 5, ""learning_rate"": 0.05, ""loss_function"": ""MAE"", ""nan_mode"": ""Min"", ""random_seed"": 42, ""thread_count"": 4, ""use_best_model"": true, ""verbose"": false}",F,clean,target_strategy,
catboost_ablation_F_clean_log1p,fold_3,2025-01-01,2025-08-31,2025-09-01,2025-10-31,116.06764637030437,636.3296470681424,0.8261296857378859,ablation_F_clean,log1p,"[""distance"", ""equipment"", ""weight_clean"", ""weight_missing"", ""weight_negative"", ""pickup"", ""delivery"", ""pickup_lat"", ""pickup_lon"", ""delivery_lat"", ""delivery_lon"", ""route"", ""month"", ""day"", ""day_of_week"", ""day_of_year"", ""iso_week"", ""weekend"", ""days_since_reference_date"", ""sin_day_of_week"", ""cos_day_of_week"", ""sin_day_of_year"", ""cos_day_of_year"", ""market_index"", ""market_index_missing"", ""quote_signal""]",38477,9523,22.297640078000768,22.285889635000785,0.011750442999982624,557,558,658,0,"{""allow_writing_files"": false, ""cat_features"": [""equipment"", ""pickup"", ""delivery"", ""route""], ""depth"": 6, ""early_stopping_rounds"": 100, ""eval_metric"": ""DollarMAE"", ""iterations"": 1500, ""l2_leaf_reg"": 5, ""learning_rate"": 0.05, ""loss_function"": ""MAE"", ""nan_mode"": ""Min"", ""random_seed"": 42, ""thread_count"": 4, ""use_best_model"": true, ""verbose"": false}",F,clean,target_strategy,
catboost_fixed_C_clean_direct,fold_1,2025-01-01,2025-04-30,2025-05-01,2025-06-30,141.37432571152144,644.9689129136939,0.8261934458753158,ablation_C_clean,direct,"[""distance"", ""equipment"", ""weight_clean"", ""weight_missing"", ""weight_negative"", ""pickup"", ""delivery"", ""pickup_lat"", ""pickup_lon"", ""delivery_lat"", ""delivery_lon"", ""month"", ""day"", ""day_of_week"", ""day_of_year"", ""iso_week"", ""weekend"", ""days_since_reference_date"", ""sin_day_of_week"", ""cos_day_of_week"", ""sin_day_of_year"", ""cos_day_of_year""]",19110,9696,4.584867346000465,4.577053861000422,0.00781348500004242,,541,541,0,"{""allow_writing_files"": false, ""cat_features"": [""equipment"", ""pickup"", ""delivery""], ""depth"": 6, ""early_stopping_rounds"": null, ""eval_metric"": ""MAE"", ""iterations"": 541, ""l2_leaf_reg"": 5, ""learning_rate"": 0.05, ""loss_function"": ""MAE"", ""nan_mode"": ""Min"", ""random_seed"": 42, ""thread_count"": 4, ""use_best_model"": false, ""verbose"": false}",C,clean,fixed_budget_confirmation,
catboost_fixed_C_clean_direct,fold_2,2025-01-01,2025-06-30,2025-07-01,2025-08-31,176.51081964070758,631.141887223078,0.8207233294748957,ablation_C_clean,direct,"[""distance"", ""equipment"", ""weight_clean"", ""weight_missing"", ""weight_negative"", ""pickup"", ""delivery"", ""pickup_lat"", ""pickup_lon"", ""delivery_lat"", ""delivery_lon"", ""month"", ""day"", ""day_of_week"", ""day_of_year"", ""iso_week"", ""weekend"", ""days_since_reference_date"", ""sin_day_of_week"", ""cos_day_of_week"", ""sin_day_of_year"", ""cos_day_of_year""]",28806,9671,6.77564064300077,6.767780027000299,0.007860616000471055,,541,541,0,"{""allow_writing_files"": false, ""cat_features"": [""equipment"", ""pickup"", ""delivery""], ""depth"": 6, ""early_stopping_rounds"": null, ""eval_metric"": ""MAE"", ""iterations"": 541, ""l2_leaf_reg"": 5, ""learning_rate"": 0.05, ""loss_function"": ""MAE"", ""nan_mode"": ""Min"", ""random_seed"": 42, ""thread_count"": 4, ""use_best_model"": false, ""verbose"": false}",C,clean,fixed_budget_confirmation,
catboost_fixed_C_clean_direct,fold_3,2025-01-01,2025-08-31,2025-09-01,2025-10-31,113.66471948293021,635.3121531442441,0.8266852799887463,ablation_C_clean,direct,"[""distance"", ""equipment"", ""weight_clean"", ""weight_missing"", ""weight_negative"", ""pickup"", ""delivery"", ""pickup_lat"", ""pickup_lon"", ""delivery_lat"", ""delivery_lon"", ""month"", ""day"", ""day_of_week"", ""day_of_year"", ""iso_week"", ""weekend"", ""days_since_reference_date"", ""sin_day_of_week"", ""cos_day_of_week"", ""sin_day_of_year"", ""cos_day_of_year""]",38477,9523,8.724794816000212,8.71668898200005,0.008105834000161849,,541,541,0,"{""allow_writing_files"": false, ""cat_features"": [""equipment"", ""pickup"", ""delivery""], ""depth"": 6, ""early_stopping_rounds"": null, ""eval_metric"": ""MAE"", ""iterations"": 541, ""l2_leaf_reg"": 5, ""learning_rate"": 0.05, ""loss_function"": ""MAE"", ""nan_mode"": ""Min"", ""random_seed"": 42, ""thread_count"": 4, ""use_best_model"": false, ""verbose"": false}",C,clean,fixed_budget_confirmation,
catboost_fixed_C_raw_direct,fold_1,2025-01-01,2025-04-30,2025-05-01,2025-06-30,143.07048314042981,644.2852761584694,0.826561704171864,ablation_C_raw,direct,"[""distance"", ""equipment"", ""weight_raw"", ""pickup"", ""delivery"", ""pickup_lat"", ""pickup_lon"", ""delivery_lat"", ""delivery_lon"", ""month"", ""day"", ""day_of_week"", ""day_of_year"", ""iso_week"", ""weekend"", ""days_since_reference_date"", ""sin_day_of_week"", ""cos_day_of_week"", ""sin_day_of_year"", ""cos_day_of_year""]",19110,9696,3.727937807001581,3.7197325230008573,0.008205284000723623,,413,413,0,"{""allow_writing_files"": false, ""cat_features"": [""equipment"", ""pickup"", ""delivery""], ""depth"": 6, ""early_stopping_rounds"": null, ""eval_metric"": ""MAE"", ""iterations"": 413, ""l2_leaf_reg"": 5, ""learning_rate"": 0.05, ""loss_function"": ""MAE"", ""nan_mode"": ""Min"", ""random_seed"": 42, ""thread_count"": 4, ""use_best_model"": false, ""verbose"": false}",C,raw,fixed_budget_confirmation,
catboost_fixed_C_raw_direct,fold_2,2025-01-01,2025-06-30,2025-07-01,2025-08-31,172.29866392867626,629.6041673255212,0.8215958479296195,ablation_C_raw,direct,"[""distance"", ""equipment"", ""weight_raw"", ""pickup"", ""delivery"", ""pickup_lat"", ""pickup_lon"", ""delivery_lat"", ""delivery_lon"", ""month"", ""day"", ""day_of_week"", ""day_of_year"", ""iso_week"", ""weekend"", ""days_since_reference_date"", ""sin_day_of_week"", ""cos_day_of_week"", ""sin_day_of_year"", ""cos_day_of_year""]",28806,9671,5.112858643999971,5.105765185000564,0.007093458999406721,,413,413,0,"{""allow_writing_files"": false, ""cat_features"": [""equipment"", ""pickup"", ""delivery""], ""depth"": 6, ""early_stopping_rounds"": null, ""eval_metric"": ""MAE"", ""iterations"": 413, ""l2_leaf_reg"": 5, ""learning_rate"": 0.05, ""loss_function"": ""MAE"", ""nan_mode"": ""Min"", ""random_seed"": 42, ""thread_count"": 4, ""use_best_model"": false, ""verbose"": false}",C,raw,fixed_budget_confirmation,
catboost_fixed_C_raw_direct,fold_3,2025-01-01,2025-08-31,2025-09-01,2025-10-31,116.96066477218562,636.9259130117804,0.8258036864062518,ablation_C_raw,direct,"[""distance"", ""equipment"", ""weight_raw"", ""pickup"", ""delivery"", ""pickup_lat"", ""pickup_lon"", ""delivery_lat"", ""delivery_lon"", ""month"", ""day"", ""day_of_week"", ""day_of_year"", ""iso_week"", ""weekend"", ""days_since_reference_date"", ""sin_day_of_week"", ""cos_day_of_week"", ""sin_day_of_year"", ""cos_day_of_year""]",38477,9523,6.420622784000443,6.413579660999858,0.007043123000585183,,413,413,0,"{""allow_writing_files"": false, ""cat_features"": [""equipment"", ""pickup"", ""delivery""], ""depth"": 6, ""early_stopping_rounds"": null, ""eval_metric"": ""MAE"", ""iterations"": 413, ""l2_leaf_reg"": 5, ""learning_rate"": 0.05, ""loss_function"": ""MAE"", ""nan_mode"": ""Min"", ""random_seed"": 42, ""thread_count"": 4, ""use_best_model"": false, ""verbose"": false}",C,raw,fixed_budget_confirmation,
catboost_fixed_D_clean_direct,fold_1,2025-01-01,2025-04-30,2025-05-01,2025-06-30,152.55367429962777,649.6742864773325,0.8236481821559942,ablation_D_clean,direct,"[""distance"", ""equipment"", ""weight_clean"", ""weight_missing"", ""weight_negative"", ""pickup"", ""delivery"", ""pickup_lat"", ""pickup_lon"", ""delivery_lat"", ""delivery_lon"", ""route"", ""month"", ""day"", ""day_of_week"", ""day_of_year"", ""iso_week"", ""weekend"", ""days_since_reference_date"", ""sin_day_of_week"", ""cos_day_of_week"", ""sin_day_of_year"", ""cos_day_of_year""]",19110,9696,9.168919359000029,9.146525371999815,0.02239398700021411,,897,897,0,"{""allow_writing_files"": false, ""cat_features"": [""equipment"", ""pickup"", ""delivery"", ""route""], ""depth"": 6, ""early_stopping_rounds"": null, ""eval_metric"": ""MAE"", ""iterations"": 897, ""l2_leaf_reg"": 5, ""learning_rate"": 0.05, ""loss_function"": ""MAE"", ""nan_mode"": ""Min"", ""random_seed"": 42, ""thread_count"": 4, ""use_best_model"": false, ""verbose"": false}",D,clean,fixed_budget_confirmation,
catboost_fixed_D_clean_direct,fold_2,2025-01-01,2025-06-30,2025-07-01,2025-08-31,179.6684980431901,631.384461965477,0.8205854956527512,ablation_D_clean,direct,"[""distance"", ""equipment"", ""weight_clean"", ""weight_missing"", ""weight_negative"", ""pickup"", ""delivery"", ""pickup_lat"", ""pickup_lon"", ""delivery_lat"", ""delivery_lon"", ""route"", ""month"", ""day"", ""day_of_week"", ""day_of_year"", ""iso_week"", ""weekend"", ""days_since_reference_date"", ""sin_day_of_week"", ""cos_day_of_week"", ""sin_day_of_year"", ""cos_day_of_year""]",28806,9671,13.42076201600048,13.401433291000103,0.019328725000377744,,897,897,0,"{""allow_writing_files"": false, ""cat_features"": [""equipment"", ""pickup"", ""delivery"", ""route""], ""depth"": 6, ""early_stopping_rounds"": null, ""eval_metric"": ""MAE"", ""iterations"": 897, ""l2_leaf_reg"": 5, ""learning_rate"": 0.05, ""loss_function"": ""MAE"", ""nan_mode"": ""Min"", ""random_seed"": 42, ""thread_count"": 4, ""use_best_model"": false, ""verbose"": false}",D,clean,fixed_budget_confirmation,
catboost_fixed_D_clean_direct,fold_3,2025-01-01,2025-08-31,2025-09-01,2025-10-31,110.59383875330292,634.7223248375519,0.8270069438312695,ablation_D_clean,direct,"[""distance"", ""equipment"", ""weight_clean"", ""weight_missing"", ""weight_negative"", ""pickup"", ""delivery"", ""pickup_lat"", ""pickup_lon"", ""delivery_lat"", ""delivery_lon"", ""route"", ""month"", ""day"", ""day_of_week"", ""day_of_year"", ""iso_week"", ""weekend"", ""days_since_reference_date"", ""sin_day_of_week"", ""cos_day_of_week"", ""sin_day_of_year"", ""cos_day_of_year""]",38477,9523,17.484306925000055,17.46616383499986,0.018143090000194206,,897,897,0,"{""allow_writing_files"": false, ""cat_features"": [""equipment"", ""pickup"", ""delivery"", ""route""], ""depth"": 6, ""early_stopping_rounds"": null, ""eval_metric"": ""MAE"", ""iterations"": 897, ""l2_leaf_reg"": 5, ""learning_rate"": 0.05, ""loss_function"": ""MAE"", ""nan_mode"": ""Min"", ""random_seed"": 42, ""thread_count"": 4, ""use_best_model"": false, ""verbose"": false}",D,clean,fixed_budget_confirmation,
catboost_fixed_E_clean_direct,fold_1,2025-01-01,2025-04-30,2025-05-01,2025-06-30,130.08110844077856,640.400957743148,0.8286466773804407,ablation_E_clean,direct,"[""distance"", ""equipment"", ""weight_clean"", ""weight_missing"", ""weight_negative"", ""pickup"", ""delivery"", ""pickup_lat"", ""pickup_lon"", ""delivery_lat"", ""delivery_lon"", ""route"", ""month"", ""day"", ""day_of_week"", ""day_of_year"", ""iso_week"", ""weekend"", ""days_since_reference_date"", ""sin_day_of_week"", ""cos_day_of_week"", ""sin_day_of_year"", ""cos_day_of_year"", ""market_index"", ""market_index_missing""]",19110,9696,7.454372426000191,7.438855110000077,0.015517316000114079,,710,710,0,"{""allow_writing_files"": false, ""cat_features"": [""equipment"", ""pickup"", ""delivery"", ""route""], ""depth"": 6, ""early_stopping_rounds"": null, ""eval_metric"": ""MAE"", ""iterations"": 710, ""l2_leaf_reg"": 5, ""learning_rate"": 0.05, ""loss_function"": ""MAE"", ""nan_mode"": ""Min"", ""random_seed"": 42, ""thread_count"": 4, ""use_best_model"": false, ""verbose"": false}",E,clean,fixed_budget_confirmation,
catboost_fixed_E_clean_direct,fold_2,2025-01-01,2025-06-30,2025-07-01,2025-08-31,160.60009285492492,626.5829161746816,0.8233039386063153,ablation_E_clean,direct,"[""distance"", ""equipment"", ""weight_clean"", ""weight_missing"", ""weight_negative"", ""pickup"", ""delivery"", ""pickup_lat"", ""pickup_lon"", ""delivery_lat"", ""delivery_lon"", ""route"", ""month"", ""day"", ""day_of_week"", ""day_of_year"", ""iso_week"", ""weekend"", ""days_since_reference_date"", ""sin_day_of_week"", ""cos_day_of_week"", ""sin_day_of_year"", ""cos_day_of_year"", ""market_index"", ""market_index_missing""]",28806,9671,10.553480323999793,10.536131570999714,0.017348753000078432,,710,710,0,"{""allow_writing_files"": false, ""cat_features"": [""equipment"", ""pickup"", ""delivery"", ""route""], ""depth"": 6, ""early_stopping_rounds"": null, ""eval_metric"": ""MAE"", ""iterations"": 710, ""l2_leaf_reg"": 5, ""learning_rate"": 0.05, ""loss_function"": ""MAE"", ""nan_mode"": ""Min"", ""random_seed"": 42, ""thread_count"": 4, ""use_best_model"": false, ""verbose"": false}",E,clean,fixed_budget_confirmation,
catboost_fixed_E_clean_direct,fold_3,2025-01-01,2025-08-31,2025-09-01,2025-10-31,116.65574570611177,636.6830081120578,0.825936527820693,ablation_E_clean,direct,"[""distance"", ""equipment"", ""weight_clean"", ""weight_missing"", ""weight_negative"", ""pickup"", ""delivery"", ""pickup_lat"", ""pickup_lon"", ""delivery_lat"", ""delivery_lon"", ""route"", ""month"", ""day"", ""day_of_week"", ""day_of_year"", ""iso_week"", ""weekend"", ""days_since_reference_date"", ""sin_day_of_week"", ""cos_day_of_week"", ""sin_day_of_year"", ""cos_day_of_year"", ""market_index"", ""market_index_missing""]",38477,9523,14.167460263999601,14.152902824000194,0.014557439999407507,,710,710,0,"{""allow_writing_files"": false, ""cat_features"": [""equipment"", ""pickup"", ""delivery"", ""route""], ""depth"": 6, ""early_stopping_rounds"": null, ""eval_metric"": ""MAE"", ""iterations"": 710, ""l2_leaf_reg"": 5, ""learning_rate"": 0.05, ""loss_function"": ""MAE"", ""nan_mode"": ""Min"", ""random_seed"": 42, ""thread_count"": 4, ""use_best_model"": false, ""verbose"": false}",E,clean,fixed_budget_confirmation,
catboost_fixed_F_clean_direct,fold_1,2025-01-01,2025-04-30,2025-05-01,2025-06-30,140.61262324685208,642.631101962133,0.8274511513353714,ablation_F_clean,direct,"[""distance"", ""equipment"", ""weight_clean"", ""weight_missing"", ""weight_negative"", ""pickup"", ""delivery"", ""pickup_lat"", ""pickup_lon"", ""delivery_lat"", ""delivery_lon"", ""route"", ""month"", ""day"", ""day_of_week"", ""day_of_year"", ""iso_week"", ""weekend"", ""days_since_reference_date"", ""sin_day_of_week"", ""cos_day_of_week"", ""sin_day_of_year"", ""cos_day_of_year"", ""market_index"", ""market_index_missing"", ""quote_signal""]",19110,9696,3.0549354000004314,3.0436375180006507,0.011297881999780657,,284,284,0,"{""allow_writing_files"": false, ""cat_features"": [""equipment"", ""pickup"", ""delivery"", ""route""], ""depth"": 6, ""early_stopping_rounds"": null, ""eval_metric"": ""MAE"", ""iterations"": 284, ""l2_leaf_reg"": 5, ""learning_rate"": 0.05, ""loss_function"": ""MAE"", ""nan_mode"": ""Min"", ""random_seed"": 42, ""thread_count"": 4, ""use_best_model"": false, ""verbose"": false}",F,clean,fixed_budget_confirmation,
catboost_fixed_F_clean_direct,fold_2,2025-01-01,2025-06-30,2025-07-01,2025-08-31,137.08422813899472,624.9270861928253,0.8242365910591932,ablation_F_clean,direct,"[""distance"", ""equipment"", ""weight_clean"", ""weight_missing"", ""weight_negative"", ""pickup"", ""delivery"", ""pickup_lat"", ""pickup_lon"", ""delivery_lat"", ""delivery_lon"", ""route"", ""month"", ""day"", ""day_of_week"", ""day_of_year"", ""iso_week"", ""weekend"", ""days_since_reference_date"", ""sin_day_of_week"", ""cos_day_of_week"", ""sin_day_of_year"", ""cos_day_of_year"", ""market_index"", ""market_index_missing"", ""quote_signal""]",28806,9671,4.471434435999981,4.460488923999947,0.010945512000034796,,284,284,0,"{""allow_writing_files"": false, ""cat_features"": [""equipment"", ""pickup"", ""delivery"", ""route""], ""depth"": 6, ""early_stopping_rounds"": null, ""eval_metric"": ""MAE"", ""iterations"": 284, ""l2_leaf_reg"": 5, ""learning_rate"": 0.05, ""loss_function"": ""MAE"", ""nan_mode"": ""Min"", ""random_seed"": 42, ""thread_count"": 4, ""use_best_model"": false, ""verbose"": false}",F,clean,fixed_budget_confirmation,
catboost_fixed_F_clean_direct,fold_3,2025-01-01,2025-08-31,2025-09-01,2025-10-31,115.29372038885386,635.8307596321199,0.8264022102464939,ablation_F_clean,direct,"[""distance"", ""equipment"", ""weight_clean"", ""weight_missing"", ""weight_negative"", ""pickup"", ""delivery"", ""pickup_lat"", ""pickup_lon"", ""delivery_lat"", ""delivery_lon"", ""route"", ""month"", ""day"", ""day_of_week"", ""day_of_year"", ""iso_week"", ""weekend"", ""days_since_reference_date"", ""sin_day_of_week"", ""cos_day_of_week"", ""sin_day_of_year"", ""cos_day_of_year"", ""market_index"", ""market_index_missing"", ""quote_signal""]",38477,9523,5.569202522999149,5.5594611699998495,0.009741352999299124,,284,284,0,"{""allow_writing_files"": false, ""cat_features"": [""equipment"", ""pickup"", ""delivery"", ""route""], ""depth"": 6, ""early_stopping_rounds"": null, ""eval_metric"": ""MAE"", ""iterations"": 284, ""l2_leaf_reg"": 5, ""learning_rate"": 0.05, ""loss_function"": ""MAE"", ""nan_mode"": ""Min"", ""random_seed"": 42, ""thread_count"": 4, ""use_best_model"": false, ""verbose"": false}",F,clean,fixed_budget_confirmation,
catboost_fixed_F_clean_log1p,fold_1,2025-01-01,2025-04-30,2025-05-01,2025-06-30,142.5613201049846,644.4916698039591,0.8264505661493284,ablation_F_clean,log1p,"[""distance"", ""equipment"", ""weight_clean"", ""weight_missing"", ""weight_negative"", ""pickup"", ""delivery"", ""pickup_lat"", ""pickup_lon"", ""delivery_lat"", ""delivery_lon"", ""route"", ""month"", ""day"", ""day_of_week"", ""day_of_year"", ""iso_week"", ""weekend"", ""days_since_reference_date"", ""sin_day_of_week"", ""cos_day_of_week"", ""sin_day_of_year"", ""cos_day_of_year"", ""market_index"", ""market_index_missing"", ""quote_signal""]",19110,9696,6.466410097999869,6.4551401259996055,0.011269972000263806,,399,399,0,"{""allow_writing_files"": false, ""cat_features"": [""equipment"", ""pickup"", ""delivery"", ""route""], ""depth"": 6, ""early_stopping_rounds"": null, ""eval_metric"": ""DollarMAE"", ""iterations"": 399, ""l2_leaf_reg"": 5, ""learning_rate"": 0.05, ""loss_function"": ""MAE"", ""nan_mode"": ""Min"", ""random_seed"": 42, ""thread_count"": 4, ""use_best_model"": false, ""verbose"": false}",F,clean,fixed_budget_confirmation,
catboost_fixed_F_clean_log1p,fold_2,2025-01-01,2025-06-30,2025-07-01,2025-08-31,128.95678946016102,623.8949684092037,0.8248166866851363,ablation_F_clean,log1p,"[""distance"", ""equipment"", ""weight_clean"", ""weight_missing"", ""weight_negative"", ""pickup"", ""delivery"", ""pickup_lat"", ""pickup_lon"", ""delivery_lat"", ""delivery_lon"", ""route"", ""month"", ""day"", ""day_of_week"", ""day_of_year"", ""iso_week"", ""weekend"", ""days_since_reference_date"", ""sin_day_of_week"", ""cos_day_of_week"", ""sin_day_of_year"", ""cos_day_of_year"", ""market_index"", ""market_index_missing"", ""quote_signal""]",28806,9671,8.653550061000715,8.642892880000545,0.010657181000169658,,399,399,0,"{""allow_writing_files"": false, ""cat_features"": [""equipment"", ""pickup"", ""delivery"", ""route""], ""depth"": 6, ""early_stopping_rounds"": null, ""eval_metric"": ""DollarMAE"", ""iterations"": 399, ""l2_leaf_reg"": 5, ""learning_rate"": 0.05, ""loss_function"": ""MAE"", ""nan_mode"": ""Min"", ""random_seed"": 42, ""thread_count"": 4, ""use_best_model"": false, ""verbose"": false}",F,clean,fixed_budget_confirmation,
catboost_fixed_F_clean_log1p,fold_3,2025-01-01,2025-08-31,2025-09-01,2025-10-31,116.70764912764066,636.5045051112918,0.8260341164044548,ablation_F_clean,log1p,"[""distance"", ""equipment"", ""weight_clean"", ""weight_missing"", ""weight_negative"", ""pickup"", ""delivery"", ""pickup_lat"", ""pickup_lon"", ""delivery_lat"", ""delivery_lon"", ""route"", ""month"", ""day"", ""day_of_week"", ""day_of_year"", ""iso_week"", ""weekend"", ""days_since_reference_date"", ""sin_day_of_week"", ""cos_day_of_week"", ""sin_day_of_year"", ""cos_day_of_year"", ""market_index"", ""market_index_missing"", ""quote_signal""]",38477,9523,11.291458167999735,11.28003687599994,0.011421291999795358,,399,399,0,"{""allow_writing_files"": false, ""cat_features"": [""equipment"", ""pickup"", ""delivery"", ""route""], ""depth"": 6, ""early_stopping_rounds"": null, ""eval_metric"": ""DollarMAE"", ""iterations"": 399, ""l2_leaf_reg"": 5, ""learning_rate"": 0.05, ""loss_function"": ""MAE"", ""nan_mode"": ""Min"", ""random_seed"": 42, ""thread_count"": 4, ""use_best_model"": false, ""verbose"": false}",F,clean,fixed_budget_confirmation,
catboost_fixed_F_raw_direct,fold_1,2025-01-01,2025-04-30,2025-05-01,2025-06-30,140.65415996741712,643.2991459281251,0.8270922202748371,ablation_F_raw,direct,"[""distance"", ""equipment"", ""weight_raw"", ""pickup"", ""delivery"", ""pickup_lat"", ""pickup_lon"", ""delivery_lat"", ""delivery_lon"", ""route"", ""month"", ""day"", ""day_of_week"", ""day_of_year"", ""iso_week"", ""weekend"", ""days_since_reference_date"", ""sin_day_of_week"", ""cos_day_of_week"", ""sin_day_of_year"", ""cos_day_of_year"", ""market_index"", ""market_index_missing"", ""quote_signal""]",19110,9696,2.407557564999479,2.3964270329997817,0.011130531999697268,,205,205,0,"{""allow_writing_files"": false, ""cat_features"": [""equipment"", ""pickup"", ""delivery"", ""route""], ""depth"": 6, ""early_stopping_rounds"": null, ""eval_metric"": ""MAE"", ""iterations"": 205, ""l2_leaf_reg"": 5, ""learning_rate"": 0.05, ""loss_function"": ""MAE"", ""nan_mode"": ""Min"", ""random_seed"": 42, ""thread_count"": 4, ""use_best_model"": false, ""verbose"": false}",F,raw,fixed_budget_confirmation,
catboost_fixed_F_raw_direct,fold_2,2025-01-01,2025-06-30,2025-07-01,2025-08-31,129.14196136555412,623.5266100133098,0.8250234881426237,ablation_F_raw,direct,"[""distance"", ""equipment"", ""weight_raw"", ""pickup"", ""delivery"", ""pickup_lat"", ""pickup_lon"", ""delivery_lat"", ""delivery_lon"", ""route"", ""month"", ""day"", ""day_of_week"", ""day_of_year"", ""iso_week"", ""weekend"", ""days_since_reference_date"", ""sin_day_of_week"", ""cos_day_of_week"", ""sin_day_of_year"", ""cos_day_of_year"", ""market_index"", ""market_index_missing"", ""quote_signal""]",28806,9671,3.256256392999603,3.243857499999649,0.012398892999954114,,205,205,0,"{""allow_writing_files"": false, ""cat_features"": [""equipment"", ""pickup"", ""delivery"", ""route""], ""depth"": 6, ""early_stopping_rounds"": null, ""eval_metric"": ""MAE"", ""iterations"": 205, ""l2_leaf_reg"": 5, ""learning_rate"": 0.05, ""loss_function"": ""MAE"", ""nan_mode"": ""Min"", ""random_seed"": 42, ""thread_count"": 4, ""use_best_model"": false, ""verbose"": false}",F,raw,fixed_budget_confirmation,
catboost_fixed_F_raw_direct,fold_3,2025-01-01,2025-08-31,2025-09-01,2025-10-31,124.74889845689927,639.9083492065915,0.82416850171461,ablation_F_raw,direct,"[""distance"", ""equipment"", ""weight_raw"", ""pickup"", ""delivery"", ""pickup_lat"", ""pickup_lon"", ""delivery_lat"", ""delivery_lon"", ""route"", ""month"", ""day"", ""day_of_week"", ""day_of_year"", ""iso_week"", ""weekend"", ""days_since_reference_date"", ""sin_day_of_week"", ""cos_day_of_week"", ""sin_day_of_year"", ""cos_day_of_year"", ""market_index"", ""market_index_missing"", ""quote_signal""]",38477,9523,4.2467635709990645,4.2373476209995715,0.009415949999493023,,205,205,0,"{""allow_writing_files"": false, ""cat_features"": [""equipment"", ""pickup"", ""delivery"", ""route""], ""depth"": 6, ""early_stopping_rounds"": null, ""eval_metric"": ""MAE"", ""iterations"": 205, ""l2_leaf_reg"": 5, ""learning_rate"": 0.05, ""loss_function"": ""MAE"", ""nan_mode"": ""Min"", ""random_seed"": 42, ""thread_count"": 4, ""use_best_model"": false, ""verbose"": false}",F,raw,fixed_budget_confirmation,
