pickup,rows,mean_rate,median_rate,median_rpm,median_distance
Oklahoma City,1242,2219.0750966183573,2138.895,2.195999035635127,994.45
Lexington,1209,1824.1402729528534,1374.59,2.2439495901137896,616.0
Bakersfield,1193,3519.3654484492877,3804.88,2.0047770895934263,1961.4
Fort Wayne,1170,1996.9604615384617,1711.435,2.157486183415065,806.7
Hartford,1150,2671.385408695652,2228.705,2.0584502195988046,1075.2
Richmond,1140,2288.463087719298,1746.6950000000002,2.127536631829628,816.1
Nashville,1124,1761.9692259786475,1435.715,2.273804008952591,668.45
Phoenix,1121,3764.774763603925,3935.62,1.9996302369698724,2024.2
Baton Rouge,1115,2105.062403587444,1902.94,2.2279209270620313,836.6
Mobile,1094,1949.7951279707497,1669.6750000000002,2.2538819806358994,728.95
Cincinnati,1080,1775.1671851851852,1436.255,2.2554837648652644,647.55
Shreveport,1062,1935.9040866290018,1744.22,2.238192846810969,806.0999999999999
Kansas City,1053,1903.4727445394112,1740.57,2.187145801133436,794.6
Columbia,1049,1940.0826310772163,1561.4,2.2181229773462783,736.1
Atlanta,1029,1788.589504373178,1411.05,2.285634359058746,615.2
San Antonio,972,2390.510637860082,2341.29,2.1760343252394723,1095.7
Philadelphia,946,2502.4239429175473,2081.895,2.080785216085616,997.4
Los Angeles,945,3729.6383915343913,3996.61,1.9974952763916476,2066.3
Milwaukee,944,1858.5488029661017,1594.225,2.2104733395754037,729.5
Tucson,944,3310.9962711864405,3535.995,2.0411669331576947,1784.35
Syracuse,907,2410.286152149945,1969.92,2.0610823281793897,943.9
Montgomery,884,2075.7904977375565,1798.77,2.196492717475084,847.45
Greensboro,865,1901.1819537572253,1459.42,2.2249955428775183,668.2
Memphis,852,1753.7270305164318,1555.27,2.275538624540726,684.7
Charleston,848,2277.5138679245283,1750.36,2.1585168920950455,822.0
Grand Rapids,844,2025.8380805687204,1796.475,2.1321968536492357,868.35
Amarillo,836,2603.8075358851675,2502.75,2.1332087436811844,1181.25
Fresno,827,3878.91,4160.28,1.996801228609039,2157.3
New York,816,2519.592781862745,2093.0299999999997,2.0771733721036334,997.75
Albany,811,2983.3278791615294,2542.36,2.001187771121669,1265.7
Lubbock,796,2436.7849120603014,2413.44,2.1644854088901826,1115.4
El Paso,768,3110.560078125,3111.6099999999997,2.068231487031817,1550.65
Chattanooga,745,1722.937087248322,1444.58,2.2907205435365636,651.3
Toledo,745,2015.1444832214763,1688.91,2.13531686358754,800.9
Buffalo,738,2175.7028861788617,1635.555,2.104600742389459,771.3
Houston,723,2085.434937759336,1924.78,2.2151370817843867,870.9
Jacksonville,666,2100.73033033033,1821.925,2.1935961125371346,833.8
Green Bay,662,2238.05581570997,2047.105,2.107101767574833,986.3
Reno,642,3765.391199376947,3836.925,1.9475829047905413,2015.15
Tulsa,633,2007.8183254344392,1896.46,2.23758294625083,841.8
Raleigh,607,2205.3357001647446,1621.68,2.1598658491420104,764.4
Boston,603,2953.6446766169156,2486.75,2.0559724349157733,1207.7
Corpus Christi,596,2330.312852348993,2288.915,2.1637316959843735,1040.0
Albuquerque,581,2871.875438898451,2899.76,2.0753746770025843,1452.1
Harrisburg,574,2181.892700348432,1573.53,2.1473212809580327,739.0999999999999
Dayton,543,1814.6207550644567,1541.54,2.2047135873074444,696.0
Tampa,542,2185.8016789667895,1958.4850000000001,2.174736294991649,906.1
Indianapolis,539,1763.4850649350649,1478.96,2.235732323232323,685.1
Madison,499,1952.6334669338678,1879.23,2.15638448653524,878.4
Savannah,488,2013.4783606557376,1613.63,2.1867954728084653,750.55
Baltimore,478,2740.6333682008367,2180.3,2.0827004047316766,1050.95
Little Rock,457,1878.024113785558,1588.01,2.255575117370892,673.9
San Francisco,453,4071.2071081677705,4301.81,1.9618298692950504,2220.7
Providence,425,3134.0736235294116,2603.08,2.0671166306695463,1234.6
Salt Lake City,394,3144.764111675127,3316.265,2.0427613149787396,1697.4
Austin,393,2375.7837913486005,2328.57,2.1458506703652334,1092.6
New Orleans,385,1995.1217662337663,1794.23,2.2563385087868966,834.2
Birmingham,364,1852.7970054945054,1573.3600000000001,2.240838377057927,709.9
Louisville,344,1792.7392732558142,1543.555,2.263630472204408,680.95
Detroit,337,2130.416231454006,1815.99,2.123013215859031,826.7
Washington,337,2279.6852818991097,1679.9,2.1221339161533876,773.9
St. Louis,318,1929.9807232704402,1735.7800000000002,2.240410211590252,763.05
Las Vegas,277,3292.8219133574007,3633.06,2.0220818473070183,1844.5
Dallas,276,2143.424347826087,1907.03,2.2633685008398716,842.3
