delivery,rows,mean_rate,median_rate,median_rpm,median_distance
Lexington,1197,1825.9326984126983,1391.98,2.2467170849089038,611.1
Fort Wayne,1176,1981.8834948979593,1700.17,2.1584670312644496,800.0
Baton Rouge,1167,2109.520059982862,1939.01,2.2142809697774823,881.0
Bakersfield,1156,3532.1988927335638,3742.535,2.012340528976337,1930.25
Hartford,1143,2686.9953718285215,2248.05,2.0686033405061997,1078.6
Oklahoma City,1140,2332.6837017543858,2224.92,2.1929965644781193,1028.75
Richmond,1109,2231.707448151488,1691.98,2.133571981424149,783.1
Atlanta,1096,1796.1784489051095,1475.73,2.265161544773089,671.5
Phoenix,1090,3751.473110091743,3921.98,2.0048407359886165,2014.05
Mobile,1089,1957.161349862259,1769.32,2.2387150144767682,799.0
Cincinnati,1084,1743.2549723247232,1401.65,2.2570607051346046,633.15
Columbia,1071,1905.366909430439,1523.87,2.2242626599888706,718.1
Nashville,1064,1777.2443796992482,1512.99,2.2767855738015688,689.8
Tucson,997,3363.1897893681044,3591.79,2.035459486699543,1801.3
Shreveport,983,2061.1617802644964,1799.01,2.2475768078482057,834.4
Kansas City,980,1869.4055204081633,1743.095,2.200489020335308,790.8
San Antonio,965,2342.243886010363,2345.01,2.170288444523093,1088.7
Philadelphia,959,2522.0362565172054,2077.58,2.1039406779661016,991.3
Los Angeles,955,3742.250931937173,4046.09,1.9770121014214368,2090.0
Syracuse,926,2469.81192224622,1927.73,2.0585202468902675,929.8
Memphis,912,1830.0977192982457,1554.51,2.2720019535671554,679.15
Montgomery,903,1943.5976522702103,1762.2,2.240529531568228,820.9
Grand Rapids,894,2002.3783109619687,1782.99,2.133057603059082,853.0999999999999
Milwaukee,859,1776.723958090803,1537.19,2.213178954537715,705.1
Charleston,851,2110.727696827262,1605.32,2.1845421952564807,718.4
Amarillo,850,2651.6136117647056,2557.745,2.132496548546616,1184.1999999999998
New York,833,2510.911860744298,2095.89,2.075225508705685,993.7
Albany,812,2967.7299014778328,2559.395,2.002396472887015,1246.3
Greensboro,804,1911.9939427860697,1460.4850000000001,2.227948135508533,677.2
El Paso,769,3008.9797789336803,3089.55,2.0728919019316496,1537.4
Fresno,763,3865.377155963303,4140.17,2.0050736876966386,2146.3
Lubbock,754,2479.42075596817,2398.3450000000003,2.1538457040932766,1131.3
Buffalo,753,2306.2546746347944,1724.06,2.106558678735906,801.7
Jacksonville,746,2127.2926139410188,1769.6100000000001,2.204255605117579,826.85
Houston,718,2148.039582172702,2056.165,2.211220446850084,920.5
Toledo,710,2025.9351267605632,1681.42,2.1278878971560724,796.3
Chattanooga,708,1764.6372740112993,1487.9450000000002,2.2356682570740496,675.55
Green Bay,660,2176.208772727273,2010.835,2.0877502787716455,977.75
Raleigh,656,2222.071448170732,1653.185,2.170902535301289,770.9000000000001
Reno,653,3679.871638591118,3783.88,1.9616946160635482,1980.6
Tulsa,647,1935.6338485316849,1781.06,2.2407587433313574,783.7
Dayton,622,1828.947652733119,1503.695,2.2142150054041227,686.75
Boston,619,2998.4093699515347,2570.38,2.0424518888096936,1245.2
Corpus Christi,593,2337.2376728499157,2352.63,2.1607004250600625,1070.0
Albuquerque,572,2962.7097202797204,2931.23,2.0772470722525282,1452.95
Indianapolis,553,1786.0637974683546,1546.1,2.2411238825031927,698.9
Tampa,553,2275.4350994575047,2037.74,2.1474982101662556,942.3
Harrisburg,540,2264.5835370370373,1694.9250000000002,2.1182638941701986,777.5999999999999
Savannah,528,2009.4830303030303,1597.4499999999998,2.1766638808510854,740.0
Baltimore,488,2699.1513934426225,2218.39,2.112512974535537,1034.55
Little Rock,471,2006.42042462845,1756.55,2.2310174746335965,820.0
San Francisco,467,4064.472997858672,4356.6,1.9645581427485663,2253.5
Madison,457,1996.6347702407002,1879.91,2.1399025385312784,888.2
Austin,441,2338.2650793650796,2347.12,2.172611825608671,1087.2
Providence,415,2940.1960481927713,2522.54,2.063128814118423,1222.3
Salt Lake City,406,3164.35078817734,3316.0600000000004,2.0253504682270393,1703.1999999999998
New Orleans,373,1912.3008310991956,1688.33,2.2384171322160147,763.6
Louisville,367,1781.0184741144415,1493.03,2.2417484081913615,677.3
Washington,366,2240.3285519125684,1698.75,2.1174367124944258,766.6
St. Louis,344,1796.766046511628,1610.0,2.224466760002912,742.7
Birmingham,318,1818.2556603773587,1592.4,2.2809266409266407,679.5
Detroit,307,2125.831140065147,1753.29,2.1011215240436316,821.5
Dallas,306,1987.3363071895426,1823.21,2.201262704311598,810.8
Las Vegas,292,3428.3752739726024,3707.765,2.0337038709008253,1880.4
