load_id,date,pickup,delivery,distance,equipment,weight,posted_rate,rate_per_mile
TR-012185,2025-03-19,Bakersfield,Hartford,2829.8,Dry Van,33153.0,25533.0,9.022899144815888
TR-037765,2025-08-27,Phoenix,Syracuse,2810.9,Dry Van,33674.0,24294.98,8.643132092923974
TR-001467,2025-01-10,Los Angeles,Syracuse,2786.0,Reefer,30322.0,24140.21,8.664827709978464
TR-017372,2025-04-20,Reno,Philadelphia,2777.6,Reefer,33158.0,23662.71,8.519120823732719
TR-026236,2025-06-15,Charleston,Phoenix,2552.5,Dry Van,25665.0,23580.42,9.238166503428012
TR-028220,2025-06-27,Tucson,Raleigh,2423.3,Dry Van,30972.0,22755.66,9.390360252548177
TR-003354,2025-01-22,Phoenix,Charleston,2527.9,Reefer,36840.0,22534.65,8.914375568653824
TR-040172,2025-09-11,Montgomery,Fresno,2283.4,Dry Van,32447.0,20361.89,8.917355697643863
TR-040097,2025-09-11,Baltimore,Oklahoma City,1760.3,Reefer,29521.0,20132.37,11.436897119809123
TR-047299,2025-10-27,Boston,Bakersfield,2979.1,Reefer,30585.0,19110.3,6.414789701587728
