date,rows,mean_rate,median_rate,median_rpm,median_distance,market_mean
2025-01,4918,2255.9670475803173,1915.2,2.0291576557165607,950.8499999999999,0.9266961122490783
2025-02,4337,2273.804800553378,1994.25,2.061142796226214,966.3,0.9959967193675889
2025-03,5036,2372.2680917394755,2022.92,2.1392786400606116,954.5999999999999,1.072879765625
2025-04,4819,2372.1623075326834,2044.24,2.1466988540515386,956.6,1.2076491478696743
2025-05,4913,2421.776342357012,2065.51,2.1901941557168074,953.0,1.3014521519507187
2025-06,4783,2497.0301149905913,2120.22,2.2478847651180898,950.7,1.280315676017718
2025-07,4912,2415.162029723127,2059.145,2.1874218297132746,955.7,1.2008926579163248
2025-08,4759,2338.407661273377,2015.73,2.120525234741784,957.1,0.9814802052475666
2025-09,4670,2406.374012847966,2057.13,2.1596216424733026,954.4,0.8930385794352231
2025-10,4853,2379.051374407583,2035.9,2.1638275204665245,937.3,0.9575017418416129
