model,fold,subset,rows,MAE,RMSE,R2
catboost_ablation_A_clean_direct,fold_1,missing_weight,54,154.31881740094616,312.93874979273426,0.9473845950272046
catboost_ablation_A_clean_direct,fold_1,negative_weight,70,354.8752525031084,1414.4496998464451,0.4559190856350196
catboost_ablation_A_clean_direct,fold_1,missing_market_index,85,138.78923317701708,346.1726950618139,0.9394081340876622
catboost_ablation_A_clean_direct,fold_1,unseen_route,177,187.06532560515825,659.7367034999908,0.7896141589012194
catboost_ablation_A_clean_direct,fold_1,unseen_city,0,,,
catboost_ablation_A_clean_direct,fold_2,missing_weight,58,146.39395921059025,314.6953588557827,0.9462008638666992
catboost_ablation_A_clean_direct,fold_2,negative_weight,37,96.7211674642858,130.12872589386632,0.991868070622497
catboost_ablation_A_clean_direct,fold_2,missing_market_index,69,231.52770309334304,767.4503915024078,0.7498995164808813
catboost_ablation_A_clean_direct,fold_2,unseen_route,52,112.983417114633,146.14758068142555,0.990819829055122
catboost_ablation_A_clean_direct,fold_2,unseen_city,0,,,
catboost_ablation_A_clean_direct,fold_3,missing_weight,65,108.687611014099,147.49524691863974,0.989262772026234
catboost_ablation_A_clean_direct,fold_3,negative_weight,59,115.94638738141552,327.58914465360425,0.9525889539434506
catboost_ablation_A_clean_direct,fold_3,missing_market_index,73,98.42142029844804,300.23126616591054,0.9597725742906584
catboost_ablation_A_clean_direct,fold_3,unseen_route,21,51.70760312803765,66.44652283554403,0.9978168773079036
catboost_ablation_A_clean_direct,fold_3,unseen_city,0,,,
catboost_ablation_B_clean_direct,fold_1,missing_weight,54,162.08825963355224,310.8373958305312,0.9480888374886268
catboost_ablation_B_clean_direct,fold_1,negative_weight,70,344.4218254423063,1420.80820634382,0.4510163760808831
catboost_ablation_B_clean_direct,fold_1,missing_market_index,85,126.15051831388148,343.07380890335617,0.9404880971517474
catboost_ablation_B_clean_direct,fold_1,unseen_route,177,177.16976843116345,652.2557200031935,0.7943583834906652
catboost_ablation_B_clean_direct,fold_1,unseen_city,0,,,
catboost_ablation_B_clean_direct,fold_2,missing_weight,58,139.8546231079739,308.67731742589984,0.9482388328113142
catboost_ablation_B_clean_direct,fold_2,negative_weight,37,103.27871092201558,145.15923735050413,0.9898810232333396
catboost_ablation_B_clean_direct,fold_2,missing_market_index,69,230.2509780558005,768.7624853198383,0.7490436023477742
catboost_ablation_B_clean_direct,fold_2,unseen_route,52,107.07640387004336,138.00726709496317,0.9918140060569096
catboost_ablation_B_clean_direct,fold_2,unseen_city,0,,,
catboost_ablation_B_clean_direct,fold_3,missing_weight,65,93.67958678813832,132.58840001085915,0.991323447810891
catboost_ablation_B_clean_direct,fold_3,negative_weight,59,109.9732210848436,331.54020996712893,0.951438404210866
catboost_ablation_B_clean_direct,fold_3,missing_market_index,73,98.11883063382832,300.4497962779656,0.9597139920964102
catboost_ablation_B_clean_direct,fold_3,unseen_route,21,54.800365130749135,73.8007438917649,0.9973068837249124
catboost_ablation_B_clean_direct,fold_3,unseen_city,0,,,
catboost_ablation_C_clean_direct,fold_1,missing_weight,54,153.2882759469214,302.82752910194216,0.9507297305916486
catboost_ablation_C_clean_direct,fold_1,negative_weight,70,336.6688611407829,1425.2596484411977,0.4475710172911576
catboost_ablation_C_clean_direct,fold_1,missing_market_index,85,115.54678143227244,338.0958747843743,0.9422025800750552
catboost_ablation_C_clean_direct,fold_1,unseen_route,177,169.54087079057734,648.3949217761718,0.7967856249469752
catboost_ablation_C_clean_direct,fold_1,unseen_city,0,,,
catboost_ablation_C_clean_direct,fold_2,missing_weight,58,138.87483407988177,319.806309779063,0.9444391754227196
catboost_ablation_C_clean_direct,fold_2,negative_weight,37,83.9831858120717,114.02584253303556,0.9937561304213844
catboost_ablation_C_clean_direct,fold_2,missing_market_index,69,223.0779206203549,770.680442807333,0.7477898363808093
catboost_ablation_C_clean_direct,fold_2,unseen_route,52,110.9608798168872,146.4090429919428,0.990786952482406
catboost_ablation_C_clean_direct,fold_2,unseen_city,0,,,
catboost_ablation_C_clean_direct,fold_3,missing_weight,65,99.03291946617524,138.8034577994772,0.990490959567912
catboost_ablation_C_clean_direct,fold_3,negative_weight,59,107.13390506558684,329.10636354907416,0.952148771393578
catboost_ablation_C_clean_direct,fold_3,missing_market_index,73,93.90322485956646,297.394834860555,0.9605290800394912
catboost_ablation_C_clean_direct,fold_3,unseen_route,21,58.232582330407816,76.01994731528102,0.997142483451414
catboost_ablation_C_clean_direct,fold_3,unseen_city,0,,,
catboost_ablation_D_clean_direct,fold_1,missing_weight,54,165.8405576627116,319.64091732812807,0.9451067470335148
catboost_ablation_D_clean_direct,fold_1,negative_weight,70,347.32348505548293,1426.226242985527,0.4468214613640416
catboost_ablation_D_clean_direct,fold_1,missing_market_index,85,122.6622679857072,344.8626049045987,0.9398658859553496
catboost_ablation_D_clean_direct,fold_1,unseen_route,177,180.57282039414872,655.6374074852796,0.7922205152087886
catboost_ablation_D_clean_direct,fold_1,unseen_city,0,,,
catboost_ablation_D_clean_direct,fold_2,missing_weight,58,127.33417767295349,297.79851942092426,0.95182300645239
catboost_ablation_D_clean_direct,fold_2,negative_weight,37,89.98725141344038,126.30850680771825,0.9923385240043516
catboost_ablation_D_clean_direct,fold_2,missing_market_index,69,217.43065510226447,763.6235562669283,0.7523875133998821
catboost_ablation_D_clean_direct,fold_2,unseen_route,52,99.16401484550236,130.5172651023644,0.9926784431799498
catboost_ablation_D_clean_direct,fold_2,unseen_city,0,,,
catboost_ablation_D_clean_direct,fold_3,missing_weight,65,98.25739867951752,134.6804496607349,0.9910474812538276
catboost_ablation_D_clean_direct,fold_3,negative_weight,59,107.3427264125406,330.93938735477485,0.951614252970882
catboost_ablation_D_clean_direct,fold_3,missing_market_index,73,94.9118085742177,299.2102383689237,0.9600457202505156
catboost_ablation_D_clean_direct,fold_3,unseen_route,21,54.913384016086205,70.42658686782839,0.9975475119021164
catboost_ablation_D_clean_direct,fold_3,unseen_city,0,,,
catboost_ablation_E_clean_direct,fold_1,missing_weight,54,139.54241564344534,293.60269053117304,0.953685786515801
catboost_ablation_E_clean_direct,fold_1,negative_weight,70,327.34475951598426,1421.392070699305,0.4505650866982151
catboost_ablation_E_clean_direct,fold_1,missing_market_index,85,145.19029933255734,356.6125259734147,0.935698382810102
catboost_ablation_E_clean_direct,fold_1,unseen_route,177,162.36366124853524,645.8155488247215,0.7983992189337931
catboost_ablation_E_clean_direct,fold_1,unseen_city,0,,,
catboost_ablation_E_clean_direct,fold_2,missing_weight,58,117.31290775823324,293.5183180580428,0.953197931654888
catboost_ablation_E_clean_direct,fold_2,negative_weight,37,88.55031038817671,120.90598544721712,0.9929799073257338
catboost_ablation_E_clean_direct,fold_2,missing_market_index,69,209.1773092484453,766.9306389157858,0.7502381607944248
catboost_ablation_E_clean_direct,fold_2,unseen_route,52,89.33468396217128,111.9058600679729,0.9946176347458394
catboost_ablation_E_clean_direct,fold_2,unseen_city,0,,,
catboost_ablation_E_clean_direct,fold_3,missing_weight,65,107.37272669375368,149.1862254044027,0.9890151640495376
catboost_ablation_E_clean_direct,fold_3,negative_weight,59,111.97174938747352,330.8447443291,0.9516419240119364
catboost_ablation_E_clean_direct,fold_3,missing_market_index,73,97.26650072270073,301.89263735276955,0.959326134445794
catboost_ablation_E_clean_direct,fold_3,unseen_route,21,56.40220750806719,72.0839002477812,0.9974307274341118
catboost_ablation_E_clean_direct,fold_3,unseen_city,0,,,
catboost_ablation_C_raw_direct,fold_1,missing_weight,54,126.97174041885457,298.1244583558892,0.9522482331170652
catboost_ablation_C_raw_direct,fold_1,negative_weight,70,360.47354488521273,1416.3674983281237,0.4544426882343737
catboost_ablation_C_raw_direct,fold_1,missing_market_index,85,113.34974859549072,332.9076655669331,0.943962816488382
catboost_ablation_C_raw_direct,fold_1,unseen_route,177,171.12469229401233,650.1887321034919,0.7956596683022392
catboost_ablation_C_raw_direct,fold_1,unseen_city,0,,,
catboost_ablation_C_raw_direct,fold_2,missing_weight,58,133.25772582444876,310.50971117041814,0.9476224716334688
catboost_ablation_C_raw_direct,fold_2,negative_weight,37,72.7960067392486,107.85234764247274,0.9944139290306484
catboost_ablation_C_raw_direct,fold_2,missing_market_index,69,220.8169416626279,771.8840375718545,0.7470014528846572
catboost_ablation_C_raw_direct,fold_2,unseen_route,52,99.61515371316764,127.0069685602441,0.9930669775269682
catboost_ablation_C_raw_direct,fold_2,unseen_city,0,,,
catboost_ablation_C_raw_direct,fold_3,missing_weight,65,92.49322873714084,133.325091267558,0.9912267621631136
catboost_ablation_C_raw_direct,fold_3,negative_weight,59,142.64767404760522,346.51378766996703,0.946952909026123
catboost_ablation_C_raw_direct,fold_3,missing_market_index,73,97.41557098690382,300.82466116602114,0.9596134013745302
catboost_ablation_C_raw_direct,fold_3,unseen_route,21,57.611493468328455,73.85240193806848,0.9973031122232184
catboost_ablation_C_raw_direct,fold_3,unseen_city,0,,,
catboost_ablation_F_raw_direct,fold_1,missing_weight,54,158.99809051006585,313.42182486460365,0.9472220276975288
catboost_ablation_F_raw_direct,fold_1,negative_weight,70,374.0721243191375,1413.8563821480045,0.4563754399768311
catboost_ablation_F_raw_direct,fold_1,missing_market_index,85,145.0803123275012,357.0586478268845,0.935537399682194
catboost_ablation_F_raw_direct,fold_1,unseen_route,177,170.97777842596977,644.8336373737969,0.7990117889749391
catboost_ablation_F_raw_direct,fold_1,unseen_city,0,,,
catboost_ablation_F_raw_direct,fold_2,missing_weight,58,113.36204189914862,286.9416791367053,0.9552717509932992
catboost_ablation_F_raw_direct,fold_2,negative_weight,37,60.74144539053151,86.81373613978006,0.9963807037133448
catboost_ablation_F_raw_direct,fold_2,missing_market_index,69,193.26638815230183,769.09121139083,0.7488289364399932
catboost_ablation_F_raw_direct,fold_2,unseen_route,52,69.71147578134696,82.92211093061633,0.9970446548686398
catboost_ablation_F_raw_direct,fold_2,unseen_city,0,,,
catboost_ablation_F_raw_direct,fold_3,missing_weight,65,100.49231763054412,137.1517761943746,0.9907159173861674
catboost_ablation_F_raw_direct,fold_3,negative_weight,59,160.04884919139784,353.8716594366774,0.9446761877736336
catboost_ablation_F_raw_direct,fold_3,missing_market_index,73,104.7573326777853,299.70014859375505,0.959914775300367
catboost_ablation_F_raw_direct,fold_3,unseen_route,21,64.0172804345812,79.97518604424853,0.9968374008949412
catboost_ablation_F_raw_direct,fold_3,unseen_city,0,,,
catboost_ablation_C_clean_log1p,fold_1,missing_weight,54,146.07329173196746,294.85145135213617,0.9532909783563264
catboost_ablation_C_clean_log1p,fold_1,negative_weight,70,343.9459644546285,1429.9274608708754,0.4439466145822121
catboost_ablation_C_clean_log1p,fold_1,missing_market_index,85,119.06422108138295,339.0481859790732,0.9418765267214106
catboost_ablation_C_clean_log1p,fold_1,unseen_route,177,172.97428455308196,649.1340021767132,0.7963220884337625
catboost_ablation_C_clean_log1p,fold_1,unseen_city,0,,,
catboost_ablation_C_clean_log1p,fold_2,missing_weight,58,125.42311840729955,307.61047566070965,0.9485960054655928
catboost_ablation_C_clean_log1p,fold_2,negative_weight,37,92.79250023502614,125.5089869046405,0.992435209743074
catboost_ablation_C_clean_log1p,fold_2,missing_market_index,69,221.4168488375776,771.2605818639271,0.7474099849425442
catboost_ablation_C_clean_log1p,fold_2,unseen_route,52,102.24190451271969,129.343626298002,0.9928095251293856
catboost_ablation_C_clean_log1p,fold_2,unseen_city,0,,,
catboost_ablation_C_clean_log1p,fold_3,missing_weight,65,122.45378692326852,177.9040413084791,0.9843790388920534
catboost_ablation_C_clean_log1p,fold_3,negative_weight,59,116.5418647849458,336.48330802031955,0.949979551284272
catboost_ablation_C_clean_log1p,fold_3,missing_market_index,73,102.90113308019964,301.40932171507325,0.9594562640139084
catboost_ablation_C_clean_log1p,fold_3,unseen_route,21,65.4192236078528,87.55765684949347,0.9962092784237964
catboost_ablation_C_clean_log1p,fold_3,unseen_city,0,,,
catboost_ablation_F_clean_log1p,fold_1,missing_weight,54,165.01722437411408,317.89935371876754,0.9457032892659808
catboost_ablation_F_clean_log1p,fold_1,negative_weight,70,336.82493377344895,1422.2601353431364,0.4498937861179436
catboost_ablation_F_clean_log1p,fold_1,missing_market_index,85,143.51856378975828,357.1709163521137,0.935496855873026
catboost_ablation_F_clean_log1p,fold_1,unseen_route,177,177.30536724607347,647.6384388584868,0.7972595291087188
catboost_ablation_F_clean_log1p,fold_1,unseen_city,0,,,
catboost_ablation_F_clean_log1p,fold_2,missing_weight,58,121.02155648696016,282.0327848229128,0.956789049685881
catboost_ablation_F_clean_log1p,fold_2,negative_weight,37,60.95759089306372,85.75520811167448,0.99646842646525
catboost_ablation_F_clean_log1p,fold_2,missing_market_index,69,184.7902305040557,753.3282720761263,0.7590192006467495
catboost_ablation_F_clean_log1p,fold_2,unseen_route,52,69.67670082739576,85.91786541560937,0.9968272601404796
catboost_ablation_F_clean_log1p,fold_2,unseen_city,0,,,
catboost_ablation_F_clean_log1p,fold_3,missing_weight,65,98.66873196815116,134.84896345295977,0.991025064240947
catboost_ablation_F_clean_log1p,fold_3,negative_weight,59,112.76474180906725,331.8683808127649,0.9513422204796216
catboost_ablation_F_clean_log1p,fold_3,missing_market_index,73,91.2191783190193,297.89112359739283,0.9603972329754134
catboost_ablation_F_clean_log1p,fold_3,unseen_route,21,59.555816855372846,76.69727594538978,0.9970913363439602
catboost_ablation_F_clean_log1p,fold_3,unseen_city,0,,,
catboost_fixed_C_clean_direct,fold_1,missing_weight,54,153.2882759469214,302.82752910194216,0.9507297305916486
catboost_fixed_C_clean_direct,fold_1,negative_weight,70,336.6688611407829,1425.2596484411977,0.4475710172911576
catboost_fixed_C_clean_direct,fold_1,missing_market_index,85,115.54678143227244,338.0958747843743,0.9422025800750552
catboost_fixed_C_clean_direct,fold_1,unseen_route,177,169.54087079057734,648.3949217761718,0.7967856249469752
catboost_fixed_C_clean_direct,fold_1,unseen_city,0,,,
catboost_fixed_C_clean_direct,fold_2,missing_weight,58,155.6335596579626,329.0730407190732,0.9411726568386712
catboost_fixed_C_clean_direct,fold_2,negative_weight,37,125.51460619255,168.0381083361035,0.986439902539919
catboost_fixed_C_clean_direct,fold_2,missing_market_index,69,255.5979635109429,780.7366284401526,0.7411649908719193
catboost_fixed_C_clean_direct,fold_2,unseen_route,52,121.88806716196495,171.7853538228879,0.9873164806775436
catboost_fixed_C_clean_direct,fold_2,unseen_city,0,,,
catboost_fixed_C_clean_direct,fold_3,missing_weight,65,99.22675807813764,137.0816522006081,0.9907254086306246
catboost_fixed_C_clean_direct,fold_3,negative_weight,59,107.18378882861803,328.71758015903185,0.9522617608482844
catboost_fixed_C_clean_direct,fold_3,missing_market_index,73,93.62837191451996,297.5920152340494,0.9604767222312508
catboost_fixed_C_clean_direct,fold_3,unseen_route,21,59.189775958526944,76.47484245367745,0.9971081829928172
catboost_fixed_C_clean_direct,fold_3,unseen_city,0,,,
catboost_fixed_C_raw_direct,fold_1,missing_weight,54,131.8747029864248,299.2252806391935,0.9518949359773078
catboost_fixed_C_raw_direct,fold_1,negative_weight,70,367.877168517162,1413.6162308923117,0.4565600995149099
catboost_fixed_C_raw_direct,fold_1,missing_market_index,85,114.32089903385334,332.79154515721154,0.9440019019557888
catboost_fixed_C_raw_direct,fold_1,unseen_route,177,172.7498024544185,650.8910978276277,0.7952179529740304
catboost_fixed_C_raw_direct,fold_1,unseen_city,0,,,
catboost_fixed_C_raw_direct,fold_2,missing_weight,58,162.66209537432354,334.06725083914966,0.93937350899574
catboost_fixed_C_raw_direct,fold_2,negative_weight,37,97.56714934827112,130.91381202473406,0.9917696523287376
catboost_fixed_C_raw_direct,fold_2,missing_market_index,69,248.5578022713472,780.0792087367455,0.7416007116661385
catboost_fixed_C_raw_direct,fold_2,unseen_route,52,118.2815447700754,164.00083168977457,0.9884399527734014
catboost_fixed_C_raw_direct,fold_2,unseen_city,0,,,
catboost_fixed_C_raw_direct,fold_3,missing_weight,65,92.49322873714084,133.325091267558,0.9912267621631136
catboost_fixed_C_raw_direct,fold_3,negative_weight,59,142.64767404760522,346.51378766996703,0.946952909026123
catboost_fixed_C_raw_direct,fold_3,missing_market_index,73,97.41557098690382,300.82466116602114,0.9596134013745302
catboost_fixed_C_raw_direct,fold_3,unseen_route,21,57.611493468328455,73.85240193806848,0.9973031122232184
catboost_fixed_C_raw_direct,fold_3,unseen_city,0,,,
catboost_fixed_D_clean_direct,fold_1,missing_weight,54,165.8405576627116,319.64091732812807,0.9451067470335148
catboost_fixed_D_clean_direct,fold_1,negative_weight,70,347.32348505548293,1426.226242985527,0.4468214613640416
catboost_fixed_D_clean_direct,fold_1,missing_market_index,85,122.6622679857072,344.8626049045987,0.9398658859553496
catboost_fixed_D_clean_direct,fold_1,unseen_route,177,180.57282039414872,655.6374074852796,0.7922205152087886
catboost_fixed_D_clean_direct,fold_1,unseen_city,0,,,
catboost_fixed_D_clean_direct,fold_2,missing_weight,58,159.74966806675994,326.3513188016532,0.9421417397941928
catboost_fixed_D_clean_direct,fold_2,negative_weight,37,127.89189003867897,169.43207026718133,0.9862139935270426
catboost_fixed_D_clean_direct,fold_2,missing_market_index,69,256.74450793777265,777.6480415846288,0.7432088379269487
catboost_fixed_D_clean_direct,fold_2,unseen_route,52,126.5257820513882,178.57545832837468,0.9862939896863974
catboost_fixed_D_clean_direct,fold_2,unseen_city,0,,,
catboost_fixed_D_clean_direct,fold_3,missing_weight,65,96.3943973751258,132.2142537036476,0.9913723468043724
catboost_fixed_D_clean_direct,fold_3,negative_weight,59,107.3207915672542,330.88692658762096,0.951629592046946
catboost_fixed_D_clean_direct,fold_3,missing_market_index,73,94.9490569799691,299.1531510670842,0.9600609648120104
catboost_fixed_D_clean_direct,fold_3,unseen_route,21,55.22323511690571,70.73335742266073,0.9975260998261404
catboost_fixed_D_clean_direct,fold_3,unseen_city,0,,,
catboost_fixed_E_clean_direct,fold_1,missing_weight,54,140.43137721386205,292.9549198631037,0.9538899256101488
catboost_fixed_E_clean_direct,fold_1,negative_weight,70,327.1089291858773,1421.426966986208,0.4505381082534587
catboost_fixed_E_clean_direct,fold_1,missing_market_index,85,144.62200083173835,356.8408852974285,0.9356160044625944
catboost_fixed_E_clean_direct,fold_1,unseen_route,177,161.68581496702026,645.9963782441281,0.7982863060253385
catboost_fixed_E_clean_direct,fold_1,unseen_city,0,,,
catboost_fixed_E_clean_direct,fold_2,missing_weight,58,142.13096032306473,319.8579496742443,0.9444212308937074
catboost_fixed_E_clean_direct,fold_2,negative_weight,37,112.40861154335909,144.48393459698866,0.9899749542577104
catboost_fixed_E_clean_direct,fold_2,missing_market_index,69,255.8154165530282,782.9972769221636,0.7396638902757182
catboost_fixed_E_clean_direct,fold_2,unseen_route,52,107.48798158611989,143.205618162546,0.9911857042196522
catboost_fixed_E_clean_direct,fold_2,unseen_city,0,,,
catboost_fixed_E_clean_direct,fold_3,missing_weight,65,107.37272669375368,149.1862254044027,0.9890151640495376
catboost_fixed_E_clean_direct,fold_3,negative_weight,59,111.97174938747352,330.8447443291,0.9516419240119364
catboost_fixed_E_clean_direct,fold_3,missing_market_index,73,97.26650072270073,301.89263735276955,0.959326134445794
catboost_fixed_E_clean_direct,fold_3,unseen_route,21,56.40220750806719,72.0839002477812,0.9974307274341118
catboost_fixed_E_clean_direct,fold_3,unseen_city,0,,,
catboost_fixed_F_clean_direct,fold_1,missing_weight,54,173.46609699773765,323.9580175746329,0.9436139468451912
catboost_fixed_F_clean_direct,fold_1,negative_weight,70,340.5536162388414,1420.6576473474472,0.4511327183764112
catboost_fixed_F_clean_direct,fold_1,missing_market_index,85,146.68348691255517,358.9566991024191,0.934850237927622
catboost_fixed_F_clean_direct,fold_1,unseen_route,177,179.17931886007867,652.2078901307799,0.7943885417594214
catboost_fixed_F_clean_direct,fold_1,unseen_city,0,,,
catboost_fixed_F_clean_direct,fold_2,missing_weight,58,116.963624824937,283.50788732255,0.9563358593200436
catboost_fixed_F_clean_direct,fold_2,negative_weight,37,90.99772827609074,126.52547177329048,0.9923121805759992
catboost_fixed_F_clean_direct,fold_2,missing_market_index,69,205.4393353929809,764.2767686077524,0.7519637110975651
catboost_fixed_F_clean_direct,fold_2,unseen_route,52,84.4725318503435,127.25729437282064,0.9930396211571602
catboost_fixed_F_clean_direct,fold_2,unseen_city,0,,,
catboost_fixed_F_clean_direct,fold_3,missing_weight,65,111.45783691170536,145.7729061379082,0.98951207078286
catboost_fixed_F_clean_direct,fold_3,negative_weight,59,114.78624318782984,329.7535269057796,0.951960394547232
catboost_fixed_F_clean_direct,fold_3,missing_market_index,73,93.20544873353172,306.9860004516868,0.9579421035636704
catboost_fixed_F_clean_direct,fold_3,unseen_route,21,50.08296764098718,59.319464672819045,0.998260084841473
catboost_fixed_F_clean_direct,fold_3,unseen_city,0,,,
catboost_fixed_F_clean_log1p,fold_1,missing_weight,54,165.01722437411408,317.89935371876754,0.9457032892659808
catboost_fixed_F_clean_log1p,fold_1,negative_weight,70,336.82493377344895,1422.2601353431364,0.4498937861179436
catboost_fixed_F_clean_log1p,fold_1,missing_market_index,85,143.51856378975828,357.1709163521137,0.935496855873026
catboost_fixed_F_clean_log1p,fold_1,unseen_route,177,177.30536724607347,647.6384388584868,0.7972595291087188
catboost_fixed_F_clean_log1p,fold_1,unseen_city,0,,,
catboost_fixed_F_clean_log1p,fold_2,missing_weight,58,112.86854155448522,290.35469932646566,0.9542013849654748
catboost_fixed_F_clean_log1p,fold_2,negative_weight,37,70.25415168701339,103.04774563029736,0.9949005394835606
catboost_fixed_F_clean_log1p,fold_2,missing_market_index,69,203.51506853032103,758.0645597272094,0.7559795103562734
catboost_fixed_F_clean_log1p,fold_2,unseen_route,52,78.658139943628,113.587209738377,0.9944546831006672
catboost_fixed_F_clean_log1p,fold_2,unseen_city,0,,,
catboost_fixed_F_clean_log1p,fold_3,missing_weight,65,101.17837036152144,138.11218963412557,0.9905854374561476
catboost_fixed_F_clean_log1p,fold_3,negative_weight,59,113.83426920358414,331.7448546339595,0.9513784359874656
catboost_fixed_F_clean_log1p,fold_3,missing_market_index,73,90.45043980888455,298.62919634920024,0.960200745523667
catboost_fixed_F_clean_log1p,fold_3,unseen_route,21,60.10235749397486,76.6445274607952,0.9970953358299476
catboost_fixed_F_clean_log1p,fold_3,unseen_city,0,,,
catboost_fixed_F_raw_direct,fold_1,missing_weight,54,158.99809051006585,313.42182486460365,0.9472220276975287
catboost_fixed_F_raw_direct,fold_1,negative_weight,70,374.0721243191375,1413.8563821480045,0.45637543997683117
catboost_fixed_F_raw_direct,fold_1,missing_market_index,85,145.0803123275012,357.0586478268845,0.9355373996821941
catboost_fixed_F_raw_direct,fold_1,unseen_route,177,170.97777842596975,644.8336373737969,0.7990117889749391
catboost_fixed_F_raw_direct,fold_1,unseen_city,0,,,
catboost_fixed_F_raw_direct,fold_2,missing_weight,58,125.4375860938054,298.976195712241,0.951441210805502
catboost_fixed_F_raw_direct,fold_2,negative_weight,37,55.279152480570026,89.79589625703494,0.9961277782306565
catboost_fixed_F_raw_direct,fold_2,missing_market_index,69,199.47751800544276,772.5807783422653,0.7465445087037961
catboost_fixed_F_raw_direct,fold_2,unseen_route,52,74.1671547590627,93.2285415912445,0.9962643576669494
catboost_fixed_F_raw_direct,fold_2,unseen_city,0,,,
catboost_fixed_F_raw_direct,fold_3,missing_weight,65,107.37443749518187,145.89604996483803,0.9894943436305168
catboost_fixed_F_raw_direct,fold_3,negative_weight,59,165.04264178835973,357.7384428834226,0.9434605267601586
catboost_fixed_F_raw_direct,fold_3,missing_market_index,73,109.6878425616398,302.91650421778365,0.9590497763185494
catboost_fixed_F_raw_direct,fold_3,unseen_route,21,61.27435184784297,77.82022518637925,0.9970055394772753
catboost_fixed_F_raw_direct,fold_3,unseen_city,0,,,
