month,feature,rows,missing,missing_pct,mean,std,median,min,max
2025-01,market_index,4918,36,0.7320048800325335,0.9266961122490781,0.07786807041218738,0.9329050000000001,0.7325,1.11548
2025-01,quote_signal,4918,0,0.0,2.068436260675071,0.2503346686075269,2.028715,1.56417,3.36465
2025-02,market_index,4337,36,0.830066866497579,0.9959967193675888,0.08337498014812396,0.99313,0.80163,1.18818
2025-02,quote_signal,4337,0,0.0,2.0971300230574133,0.2516785837475214,2.0604,1.5771,3.19627
2025-03,market_index,5036,44,0.8737092930897538,1.0728797656249998,0.08025831467417545,1.06485,0.85244,1.26966
2025-03,quote_signal,5036,0,0.0,2.179538661636219,0.2729023945618156,2.13958,1.60423,3.45038
2025-04,market_index,4819,31,0.6432869890018675,1.2076491478696743,0.1002180387031018,1.207125,0.94852,1.43849
2025-04,quote_signal,4819,0,0.0,1.9633883523552604,0.2604236990897642,2.00233,0.83642,2.54833
2025-05,market_index,4913,43,0.875228984327295,1.3014521519507187,0.07416314902656278,1.304025,1.1259,1.46778
2025-05,quote_signal,4913,0,0.0,1.9128285914919598,0.2658293622657984,1.95692,0.69228,2.49821
2025-06,market_index,4783,42,0.8781099728204057,1.280315676017718,0.076005884738246,1.27513,1.08529,1.46126
2025-06,quote_signal,4783,0,0.0,2.2960069307965716,0.28888859260861455,2.24699,1.72372,3.61035
2025-07,market_index,4912,36,0.7328990228013029,1.2008926579163248,0.11603645245317804,1.2121,0.87673,1.41622
2025-07,quote_signal,4912,0,0.0,1.922996532980456,0.26514677685795585,1.96338,0.71958,2.49072
2025-08,market_index,4759,33,0.6934229880226939,0.9814802052475666,0.07795966471826517,0.98234,0.76273,1.17801
2025-08,quote_signal,4759,0,0.0,2.0521998108846398,0.2226623767233182,2.05223,1.25979,2.88062
2025-09,market_index,4670,31,0.6638115631691649,0.893038579435223,0.07977071664065198,0.88781,0.67639,1.09097
2025-09,quote_signal,4670,0,0.0,2.1997849914346896,0.2798644015315704,2.15975,1.6356,3.49659
2025-10,market_index,4853,42,0.865444055223573,0.9575017418416129,0.07138990321436947,0.95818,0.78676,1.14113
2025-10,quote_signal,4853,0,0.0,1.942758493715228,0.2692398413926412,1.98584,0.7062,2.50508
